metric_date,total_orders,total_order_items,total_revenue,product_revenue,freight_revenue,avg_order_value,delivered_orders,late_delivery_orders,late_delivery_rate,cancelled_orders,cancelled_order_rate,avg_delivery_days,total_reviews,avg_review_score,low_review_count,low_review_rate,created_at
2016-09-04,1,2,136.23,72.89,63.34,136.23,0,0,0.0,0,0.0,,0,,0,0.0,2026-07-05 18:52:00
2016-09-05,1,1,75.06,59.5,15.56,75.06,0,0,0.0,1,100.0,,0,,0,0.0,2026-07-05 18:52:00
2016-09-15,1,3,143.46,134.97,8.49,143.46,1,1,100.0,0,0.0,54.0,0,,0,0.0,2026-07-05 18:52:00
2016-10-02,1,1,109.34,100.0,9.34,109.34,0,0,0.0,1,100.0,,1,1.0,1,100.0,2026-07-05 18:52:00
2016-10-03,8,8,595.14,463.48,131.66,74.39,7,0,0.0,1,12.5,25.88,0,,0,0.0,2026-07-05 18:52:00
2016-10-04,60,69,11295.48,9940.96,1354.52,188.26,54,2,3.17,5,7.94,25.22,0,,0,0.0,2026-07-05 18:52:00
2016-10-05,42,56,9645.94,8343.25,1302.69,229.67,35,0,0.0,2,4.26,19.8,0,,0,0.0,2026-07-05 18:52:00
2016-10-06,49,58,9131.23,7960.51,1170.72,186.35,41,0,0.0,3,5.88,20.49,1,1.0,1,100.0,2026-07-05 18:52:00
2016-10-07,45,52,8135.97,7228.05,907.92,180.8,38,0,0.0,2,4.35,15.46,0,,0,0.0,2026-07-05 18:52:00
2016-10-08,40,45,9383.37,8441.85,941.52,234.58,36,0,0.0,3,7.14,13.78,0,,0,0.0,2026-07-05 18:52:00
2016-10-09,26,34,4018.98,3336.99,681.99,154.58,20,0,0.0,4,15.38,13.86,1,1.0,1,100.0,2026-07-05 18:52:00
2016-10-10,37,40,4493.39,3692.57,800.82,121.44,34,1,2.56,2,5.13,18.82,0,,0,0.0,2026-07-05 18:52:00
2016-12-23,1,1,19.62,10.9,8.72,19.62,1,0,0.0,0,0.0,4.0,0,,0,0.0,2026-07-05 18:52:00
2017-01-05,32,32,707.27,396.9,310.37,22.1,32,0,0.0,0,0.0,10.59,0,,0,0.0,2026-07-05 18:52:00
2017-01-06,4,4,988.28,916.38,71.9,247.07,4,0,0.0,0,0.0,6.75,0,,0,0.0,2026-07-05 18:52:00
2017-01-07,4,5,1447.99,1351.9,96.09,362.0,4,1,25.0,0,0.0,23.5,0,,0,0.0,2026-07-05 18:52:00
2017-01-08,6,6,809.63,709.58,100.05,134.94,4,0,0.0,0,0.0,7.5,0,,0,0.0,2026-07-05 18:52:00
2017-01-09,5,6,774.51,673.79,100.72,154.9,5,2,40.0,0,0.0,23.0,0,,0,0.0,2026-07-05 18:52:00
2017-01-10,6,6,1571.17,1434.87,136.3,261.86,6,0,0.0,0,0.0,11.83,0,,0,0.0,2026-07-05 18:52:00
2017-01-11,12,12,3062.33,2776.16,286.17,255.19,10,0,0.0,1,8.33,6.9,0,,0,0.0,2026-07-05 18:52:00
2017-01-12,13,15,2502.69,2234.58,268.11,192.51,12,2,15.38,0,0.0,23.75,1,5.0,0,0.0,2026-07-05 18:52:00
2017-01-13,11,11,2780.72,2505.58,275.14,252.79,10,0,0.0,1,8.33,8.9,3,5.0,0,0.0,2026-07-05 18:52:00
2017-01-14,18,18,1499.57,1112.69,386.88,83.31,16,1,5.56,0,0.0,14.63,5,4.2,0,0.0,2026-07-05 18:52:00
2017-01-15,14,21,2551.34,2199.57,351.77,182.24,14,0,0.0,0,0.0,12.07,0,,0,0.0,2026-07-05 18:52:00
2017-01-16,19,24,3708.4,3307.92,400.48,195.18,18,0,0.0,0,0.0,11.44,0,,0,0.0,2026-07-05 18:52:00
2017-01-17,32,37,3893.61,3302.53,591.08,121.68,32,0,0.0,0,0.0,10.44,20,4.8,1,5.0,2026-07-05 18:52:00
2017-01-18,33,35,4683.38,4032.36,651.02,141.92,30,1,3.03,0,0.0,12.67,16,4.88,0,0.0,2026-07-05 18:52:00
2017-01-19,29,35,4140.16,3553.95,586.21,142.76,29,1,3.45,0,0.0,11.9,8,4.5,1,12.5,2026-07-05 18:52:00
2017-01-20,28,39,4656.05,4035.83,620.22,166.29,28,0,0.0,0,0.0,11.46,5,5.0,0,0.0,2026-07-05 18:52:00
2017-01-21,24,36,3094.77,2458.6,636.17,128.95,22,0,0.0,0,0.0,12.32,11,4.36,1,9.09,2026-07-05 18:52:00
2017-01-22,30,33,4141.87,3619.27,522.6,138.06,30,0,0.0,0,0.0,8.67,2,5.0,0,0.0,2026-07-05 18:52:00
2017-01-23,39,54,7553.89,6581.47,972.42,193.69,36,2,5.13,0,0.0,12.42,0,,0,0.0,2026-07-05 18:52:00
2017-01-24,40,44,6783.53,5955.17,828.36,169.59,38,0,0.0,0,0.0,11.16,7,4.29,0,0.0,2026-07-05 18:52:00
2017-01-25,62,69,10340.21,8977.23,1362.98,166.78,57,1,1.59,0,0.0,11.51,14,3.79,2,14.29,2026-07-05 18:52:00
2017-01-26,85,100,15111.63,13157.66,1953.97,177.78,82,4,4.65,1,1.16,13.07,23,3.91,4,17.39,2026-07-05 18:52:00
2017-01-27,61,76,12756.15,11432.95,1323.2,209.12,59,0,0.0,0,0.0,12.36,34,4.5,3,8.82,2026-07-05 18:52:00
2017-01-28,29,30,5883.01,5211.01,672.0,202.86,28,0,0.0,0,0.0,12.21,25,4.6,0,0.0,2026-07-05 18:52:00
2017-01-29,35,47,7160.66,6457.66,703.0,204.59,32,2,5.71,0,0.0,13.31,15,4.6,0,0.0,2026-07-05 18:52:00
2017-01-30,51,75,11898.13,10801.13,1097.0,233.3,48,0,0.0,0,0.0,10.48,0,,0,0.0,2026-07-05 18:52:00
2017-01-31,67,85,12687.54,11116.13,1571.41,189.37,64,6,8.57,0,0.0,12.98,49,3.92,7,14.29,2026-07-05 18:52:00
2017-02-01,67,70,9570.49,8219.75,1350.74,142.84,61,1,1.37,1,1.37,11.2,25,4.0,3,12.0,2026-07-05 18:52:00
2017-02-02,68,75,10475.3,8917.64,1557.66,154.05,67,3,4.35,0,0.0,12.21,43,4.4,3,6.98,2026-07-05 18:52:00
2017-02-03,57,62,11425.99,10183.74,1242.25,200.46,54,2,3.33,3,5.0,14.41,39,4.18,7,17.95,2026-07-05 18:52:00
2017-02-04,66,72,15717.21,13968.16,1749.05,238.14,64,2,2.99,0,0.0,12.31,43,4.44,3,6.98,2026-07-05 18:52:00
2017-02-05,75,83,10153.24,8503.79,1649.45,135.38,74,1,1.33,0,0.0,10.31,4,3.75,1,25.0,2026-07-05 18:52:00
2017-02-06,81,88,11084.8,9539.44,1545.36,136.85,78,3,3.53,0,0.0,10.31,1,5.0,0,0.0,2026-07-05 18:52:00
2017-02-07,111,127,16524.21,14143.48,2380.73,148.87,108,2,1.79,1,0.89,10.16,50,4.3,6,12.0,2026-07-05 18:52:00
2017-02-08,90,99,14026.94,11958.27,2068.67,155.85,83,1,1.05,1,1.05,11.72,60,4.43,5,8.33,2026-07-05 18:52:00
2017-02-09,77,82,10844.17,9190.29,1653.88,140.83,73,4,5.19,0,0.0,13.16,89,4.33,9,10.11,2026-07-05 18:52:00
2017-02-10,66,74,15668.0,14222.64,1445.36,237.39,63,2,3.03,1,1.52,12.41,68,4.49,3,4.41,2026-07-05 18:52:00
2017-02-11,45,51,5233.15,4307.56,925.59,116.29,45,2,4.08,0,0.0,13.69,57,4.25,4,7.02,2026-07-05 18:52:00
2017-02-12,63,66,16646.33,15126.15,1520.18,264.23,61,1,1.56,1,1.56,11.69,30,4.47,2,6.67,2026-07-05 18:52:00
2017-02-13,76,88,12885.87,10785.15,2100.72,169.55,74,1,1.28,1,1.28,12.24,5,3.4,2,40.0,2026-07-05 18:52:00
2017-02-14,71,80,14343.0,12694.11,1648.89,202.01,66,2,2.63,0,0.0,12.86,95,4.24,11,11.58,2026-07-05 18:52:00
2017-02-15,60,63,8031.52,6770.15,1261.37,133.86,56,0,0.0,0,0.0,10.41,106,4.36,7,6.6,2026-07-05 18:52:00
2017-02-16,52,57,7455.28,6348.04,1107.24,143.37,49,1,1.82,2,3.64,12.88,81,4.3,8,9.88,2026-07-05 18:52:00
2017-02-17,45,56,8059.21,6801.26,1257.95,179.09,45,2,4.35,0,0.0,15.6,73,4.34,6,8.22,2026-07-05 18:52:00
2017-02-18,52,63,8451.14,7297.33,1153.81,162.52,52,1,1.85,0,0.0,13.23,57,4.35,5,8.77,2026-07-05 18:52:00
2017-02-19,40,44,4477.65,3797.9,679.75,111.94,37,0,0.0,0,0.0,12.51,41,4.27,5,12.2,2026-07-05 18:52:00
2017-02-20,63,72,9157.3,7878.3,1279.0,145.35,59,5,7.94,1,1.59,14.63,13,4.08,0,0.0,2026-07-05 18:52:00
2017-02-21,41,47,9333.46,8285.64,1047.82,227.65,39,1,2.44,0,0.0,16.92,88,4.51,4,4.55,2026-07-05 18:52:00
2017-02-22,61,68,9332.21,8033.05,1299.16,152.99,53,2,3.17,3,4.76,13.02,90,3.98,15,16.67,2026-07-05 18:52:00
2017-02-23,59,73,8569.62,6940.82,1628.8,145.25,57,2,3.39,0,0.0,13.72,71,4.38,5,7.04,2026-07-05 18:52:00
2017-02-24,62,73,7898.75,6682.21,1216.54,127.4,60,3,4.69,0,0.0,14.12,81,4.12,10,12.35,2026-07-05 18:52:00
2017-02-25,42,46,5012.31,4196.59,815.72,119.34,39,0,0.0,0,0.0,13.9,82,4.04,8,9.76,2026-07-05 18:52:00
2017-02-26,45,52,6496.46,5446.68,1049.78,144.37,42,2,4.35,0,0.0,13.45,21,4.05,3,14.29,2026-07-05 18:52:00
2017-02-27,43,53,6831.29,5844.12,987.17,158.87,41,3,6.98,1,2.33,11.88,0,,0,0.0,2026-07-05 18:52:00
2017-02-28,55,67,12575.72,11220.76,1354.96,228.65,53,4,7.27,1,1.82,15.17,0,,0,0.0,2026-07-05 18:52:00
2017-03-01,95,113,14654.69,12555.41,2099.28,154.26,93,4,4.04,1,1.01,10.54,2,3.0,1,50.0,2026-07-05 18:52:00
2017-03-02,68,76,12883.06,11377.0,1506.06,189.46,66,5,6.94,0,0.0,12.02,69,4.13,8,11.59,2026-07-05 18:52:00
2017-03-03,72,80,13919.14,12364.44,1554.7,193.32,72,4,5.41,0,0.0,13.13,83,4.08,13,15.66,2026-07-05 18:52:00
2017-03-04,77,86,14590.54,12658.51,1932.03,189.49,69,4,5.0,2,2.5,11.78,95,3.97,14,14.74,2026-07-05 18:52:00
2017-03-05,72,82,8450.31,6954.62,1495.69,117.37,67,5,6.76,2,2.7,11.63,21,3.71,5,23.81,2026-07-05 18:52:00
2017-03-06,99,114,12421.31,10336.64,2084.67,125.47,94,4,3.81,1,0.95,11.23,5,4.6,0,0.0,2026-07-05 18:52:00
2017-03-07,81,98,13730.64,11883.52,1847.12,169.51,78,5,6.1,1,1.22,12.32,64,4.19,7,10.94,2026-07-05 18:52:00
2017-03-08,78,88,16588.44,14612.46,1975.98,212.67,73,4,5.06,1,1.27,16.19,81,4.16,10,12.35,2026-07-05 18:52:00
2017-03-09,92,114,13804.61,11705.54,2099.07,150.05,88,5,5.38,0,0.0,13.18,86,4.0,12,13.95,2026-07-05 18:52:00
2017-03-10,88,99,14518.92,12358.87,2160.05,164.99,84,2,2.27,2,2.27,11.55,80,4.09,12,15.0,2026-07-05 18:52:00
2017-03-11,71,80,12485.42,10852.97,1632.45,175.85,68,2,2.82,1,1.41,11.59,106,4.24,16,15.09,2026-07-05 18:52:00
2017-03-12,64,71,7853.18,6612.16,1241.02,122.71,63,2,3.13,1,1.56,10.19,35,3.43,11,31.43,2026-07-05 18:52:00
2017-03-13,111,118,19306.06,16958.05,2348.01,173.93,104,9,8.11,3,2.7,13.55,1,5.0,0,0.0,2026-07-05 18:52:00
2017-03-14,99,114,16542.98,14243.66,2299.32,167.1,95,4,4.04,1,1.01,11.51,124,4.27,12,9.68,2026-07-05 18:52:00
2017-03-15,107,121,17215.93,14999.33,2216.6,160.9,101,8,7.41,0,0.0,14.79,133,3.98,17,12.78,2026-07-05 18:52:00
2017-03-16,103,127,16649.75,14269.78,2379.97,161.65,100,9,8.74,1,0.97,14.31,82,3.73,22,26.83,2026-07-05 18:52:00
2017-03-17,65,79,13611.28,11970.4,1640.88,209.4,64,4,6.15,0,0.0,15.53,104,3.91,18,17.31,2026-07-05 18:52:00
2017-03-18,73,77,17938.49,16433.82,1504.67,245.73,71,2,2.74,0,0.0,11.73,109,3.86,22,20.18,2026-07-05 18:52:00
2017-03-19,56,59,7728.08,6649.34,1078.74,138.0,56,1,1.79,0,0.0,10.75,34,3.44,10,29.41,2026-07-05 18:52:00
2017-03-20,116,127,19607.3,17096.49,2510.81,169.03,113,8,6.72,4,3.36,11.41,6,4.33,0,0.0,2026-07-05 18:52:00
2017-03-21,93,105,13236.72,11349.13,1887.59,142.33,92,3,3.09,4,4.12,10.26,106,4.32,10,9.43,2026-07-05 18:52:00
2017-03-22,105,122,16390.14,14188.97,2201.17,156.1,104,5,4.76,0,0.0,11.03,167,4.19,19,11.38,2026-07-05 18:52:00
2017-03-23,111,134,18795.93,16375.55,2420.38,169.33,105,4,3.51,1,0.88,11.63,130,3.93,25,19.23,2026-07-05 18:52:00
2017-03-24,77,85,11670.45,10177.87,1492.58,151.56,75,5,6.33,1,1.27,14.53,112,4.07,20,17.86,2026-07-05 18:52:00
2017-03-25,75,85,11064.27,9423.04,1641.23,147.52,72,5,6.58,1,1.32,12.29,120,4.0,22,18.33,2026-07-05 18:52:00
2017-03-26,64,69,7642.03,6320.95,1321.08,119.41,63,7,10.94,0,0.0,12.52,23,2.83,13,56.52,2026-07-05 18:52:00
2017-03-27,109,120,18732.59,16356.97,2375.62,171.86,107,5,4.5,1,0.9,11.62,1,5.0,0,0.0,2026-07-05 18:52:00
2017-03-28,102,116,14626.68,12373.11,2253.57,143.4,96,5,4.85,3,2.91,10.14,135,4.24,13,9.63,2026-07-05 18:52:00
2017-03-29,74,85,10209.11,8660.54,1548.57,137.96,72,4,5.41,1,1.35,14.01,135,3.88,26,19.26,2026-07-05 18:52:00
2017-03-30,74,83,11435.0,10025.6,1409.4,154.53,72,3,4.05,0,0.0,13.07,112,4.06,14,12.5,2026-07-05 18:52:00
2017-03-31,70,73,13745.54,12199.56,1545.98,196.36,69,5,7.14,0,0.0,15.99,120,4.03,18,15.0,2026-07-05 18:52:00
2017-04-01,67,69,19053.91,17697.37,1356.54,284.39,66,3,4.41,0,0.0,13.17,105,4.2,12,11.43,2026-07-05 18:52:00
2017-04-02,65,78,10605.8,9129.88,1475.92,163.17,64,1,1.54,0,0.0,12.08,28,2.86,13,46.43,2026-07-05 18:52:00
2017-04-03,72,87,10776.9,9156.76,1620.14,149.68,68,4,5.56,0,0.0,12.35,2,5.0,0,0.0,2026-07-05 18:52:00
2017-04-04,96,109,14152.99,12301.65,1851.34,147.43,96,7,7.29,0,0.0,15.7,121,4.25,14,11.57,2026-07-05 18:52:00
2017-04-05,96,102,20774.55,18902.94,1871.61,216.4,93,7,7.29,0,0.0,11.2,114,4.04,15,13.16,2026-07-05 18:52:00
2017-04-06,95,110,25242.81,23168.89,2073.92,265.71,92,4,4.17,0,0.0,13.37,134,4.15,16,11.94,2026-07-05 18:52:00
2017-04-07,85,96,15043.72,13300.65,1743.07,176.98,82,7,8.24,1,1.18,13.67,85,4.02,11,12.94,2026-07-05 18:52:00
2017-04-08,66,71,10053.58,8785.09,1268.49,152.33,64,5,7.35,0,0.0,14.05,102,4.04,18,17.65,2026-07-05 18:52:00
2017-04-09,73,78,9689.41,8222.65,1466.76,132.73,68,3,4.11,2,2.74,13.01,16,2.69,8,50.0,2026-07-05 18:52:00
2017-04-10,87,95,13492.1,11732.31,1759.79,155.08,84,6,6.9,1,1.15,11.62,15,4.27,0,0.0,2026-07-05 18:52:00
2017-04-11,77,84,9802.58,8296.51,1506.07,127.31,73,5,6.41,0,0.0,13.62,120,4.18,16,13.33,2026-07-05 18:52:00
2017-04-12,63,66,9407.94,8209.2,1198.74,149.33,61,7,11.11,1,1.59,14.44,121,4.18,18,14.88,2026-07-05 18:52:00
2017-04-13,60,64,11213.93,9691.43,1522.5,186.9,60,5,8.33,0,0.0,16.52,122,4.1,18,14.75,2026-07-05 18:52:00
2017-04-14,53,60,9532.36,8168.66,1363.7,179.86,47,5,9.26,3,5.56,16.53,113,4.0,18,15.93,2026-07-05 18:52:00
2017-04-15,52,55,9391.56,8333.94,1057.62,180.61,49,6,11.54,0,0.0,14.9,16,2.19,12,75.0,2026-07-05 18:52:00
2017-04-16,49,52,6514.8,5455.96,1058.84,132.96,47,5,10.2,0,0.0,16.57,15,4.13,2,13.33,2026-07-05 18:52:00
2017-04-17,65,68,10765.57,9416.67,1348.9,165.62,58,6,9.23,1,1.54,14.86,0,,0,0.0,2026-07-05 18:52:00
2017-04-18,71,84,23433.86,21286.72,2147.14,330.05,71,6,8.45,0,0.0,16.21,119,4.27,12,10.08,2026-07-05 18:52:00
2017-04-19,97,112,13941.25,12103.46,1837.79,143.72,93,14,14.43,0,0.0,16.43,156,4.1,19,12.18,2026-07-05 18:52:00
2017-04-20,96,115,15722.39,13373.14,2349.25,163.77,91,11,11.22,1,1.02,15.73,135,4.06,17,12.59,2026-07-05 18:52:00
2017-04-21,68,77,10109.97,8457.71,1652.26,148.68,66,5,7.35,1,1.47,15.44,143,3.91,24,16.78,2026-07-05 18:52:00
2017-04-22,83,94,14865.41,12860.18,2005.23,179.1,82,5,5.95,0,0.0,14.02,17,3.47,5,29.41,2026-07-05 18:52:00
2017-04-23,86,91,11681.32,10038.95,1642.37,135.83,84,9,10.23,2,2.27,13.89,12,3.83,2,16.67,2026-07-05 18:52:00
2017-04-24,115,135,17711.58,15150.03,2561.55,154.01,110,12,10.43,1,0.87,14.4,3,4.67,0,0.0,2026-07-05 18:52:00
2017-04-25,111,123,17167.66,14671.74,2495.92,154.66,106,10,9.01,0,0.0,12.48,0,,0,0.0,2026-07-05 18:52:00
2017-04-26,125,143,18696.09,15919.75,2776.34,149.57,122,11,8.8,2,1.6,14.86,0,,0,0.0,2026-07-05 18:52:00
2017-04-27,79,101,12390.89,10300.71,2090.18,156.85,75,0,0.0,2,2.5,13.75,0,,0,0.0,2026-07-05 18:52:00
2017-04-28,98,108,18063.29,15790.49,2272.8,184.32,95,7,7.14,0,0.0,16.87,150,4.05,23,15.33,2026-07-05 18:52:00
2017-04-29,73,86,13687.02,11912.63,1774.39,187.49,70,2,2.7,0,0.0,14.6,66,3.8,14,21.21,2026-07-05 18:52:00
2017-04-30,68,71,9437.0,8091.16,1345.84,138.78,66,3,4.41,0,0.0,16.3,25,3.36,8,32.0,2026-07-05 18:52:00
2017-05-01,116,131,14796.77,12580.27,2216.5,127.56,111,5,4.27,1,0.85,13.38,9,4.33,1,11.11,2026-07-05 18:52:00
2017-05-02,125,136,20307.77,17640.2,2667.57,162.46,122,6,4.69,2,1.56,14.02,9,4.44,1,11.11,2026-07-05 18:52:00
2017-05-03,102,111,12136.38,10053.56,2082.82,118.98,101,8,7.77,1,0.97,15.55,136,4.16,16,11.76,2026-07-05 18:52:00
2017-05-04,108,122,15813.96,13508.55,2305.41,146.43,107,2,1.83,0,0.0,12.84,121,4.14,18,14.88,2026-07-05 18:52:00
2017-05-05,110,123,16342.51,13969.76,2372.75,148.57,104,2,1.8,0,0.0,12.41,95,4.08,14,14.74,2026-07-05 18:52:00
2017-05-06,107,127,18592.8,16219.98,2372.82,173.76,103,2,1.83,0,0.0,11.63,127,4.01,21,16.54,2026-07-05 18:52:00
2017-05-07,109,120,19724.42,17167.87,2556.55,180.96,102,2,1.8,0,0.0,11.09,30,3.5,10,33.33,2026-07-05 18:52:00
2017-05-08,122,143,19022.66,16148.41,2874.25,155.92,120,5,4.03,0,0.0,11.08,21,4.43,2,9.52,2026-07-05 18:52:00
2017-05-09,125,154,23886.12,20837.05,3049.07,191.09,120,6,4.69,1,0.78,11.14,123,4.24,10,8.13,2026-07-05 18:52:00
2017-05-10,115,124,23249.9,20927.49,2322.41,202.17,109,7,6.03,1,0.86,10.03,168,4.14,20,11.9,2026-07-05 18:52:00
2017-05-11,126,138,21182.25,18164.55,3017.7,168.11,124,8,6.35,0,0.0,9.7,147,4.07,21,14.29,2026-07-05 18:52:00
2017-05-12,113,123,15103.56,12635.71,2467.85,133.66,105,8,6.96,3,2.61,11.43,143,4.13,22,15.38,2026-07-05 18:52:00
2017-05-13,73,81,10666.39,9118.65,1547.74,146.11,67,2,2.74,1,1.37,10.37,160,3.92,31,19.38,2026-07-05 18:52:00
2017-05-14,112,129,17540.92,15219.7,2321.22,156.62,108,7,6.25,2,1.79,9.88,65,3.55,19,29.23,2026-07-05 18:52:00
2017-05-15,154,171,21420.97,17962.03,3458.94,139.1,149,4,2.55,1,0.64,9.84,1,1.0,1,100.0,2026-07-05 18:52:00
2017-05-16,151,172,24364.7,21174.88,3189.82,161.36,149,4,2.61,1,0.65,9.16,193,4.24,20,10.36,2026-07-05 18:52:00
2017-05-17,141,157,21396.33,18343.93,3052.4,151.75,139,4,2.84,1,0.71,11.04,205,4.01,32,15.61,2026-07-05 18:52:00
2017-05-18,125,140,20856.51,18245.13,2611.38,166.85,124,4,3.2,0,0.0,10.65,166,4.2,18,10.84,2026-07-05 18:52:00
2017-05-19,144,168,21517.68,18397.67,3120.01,149.43,140,3,2.08,0,0.0,10.14,156,4.01,25,16.03,2026-07-05 18:52:00
2017-05-20,72,80,12354.47,10632.41,1722.06,171.59,70,2,2.78,0,0.0,9.91,169,4.09,21,12.43,2026-07-05 18:52:00
2017-05-21,148,164,20368.53,17426.2,2942.33,137.63,145,3,2.03,0,0.0,9.01,54,3.87,11,20.37,2026-07-05 18:52:00
2017-05-22,148,167,28906.6,25414.2,3492.4,195.31,145,3,2.03,0,0.0,9.07,15,3.87,4,26.67,2026-07-05 18:52:00
2017-05-23,125,146,20617.06,17798.38,2818.68,164.94,120,5,4.0,1,0.8,9.27,212,4.1,27,12.74,2026-07-05 18:52:00
2017-05-24,141,159,26595.31,23350.97,3244.34,188.62,140,7,4.93,0,0.0,10.11,230,4.18,28,12.17,2026-07-05 18:52:00
2017-05-25,105,120,17786.69,15383.79,2402.9,169.4,103,4,3.7,2,1.85,11.33,202,4.16,26,12.87,2026-07-05 18:52:00
2017-05-26,78,93,12495.32,10651.18,1844.14,160.2,77,2,2.5,1,1.25,11.05,161,4.06,19,11.8,2026-07-05 18:52:00
2017-05-27,81,93,16057.39,14139.51,1917.88,198.24,77,2,2.41,3,3.61,10.27,162,4.24,18,11.11,2026-07-05 18:52:00
2017-05-28,98,106,11107.24,9262.62,1844.62,113.34,98,2,2.04,0,0.0,9.31,63,3.76,13,20.63,2026-07-05 18:52:00
2017-05-29,158,178,22027.52,18912.86,3114.66,139.41,151,3,1.88,2,1.25,9.36,12,4.25,1,8.33,2026-07-05 18:52:00
2017-05-30,102,118,16681.07,14345.48,2335.59,163.54,98,3,2.86,2,1.9,10.59,182,4.22,20,10.99,2026-07-05 18:52:00
2017-05-31,126,142,23271.15,20438.15,2833.0,184.69,118,3,2.33,3,2.33,11.45,173,4.14,21,12.14,2026-07-05 18:52:00
2017-06-01,124,136,21762.33,19305.25,2457.08,175.5,123,3,2.42,0,0.0,10.73,157,4.17,17,10.83,2026-07-05 18:52:00
2017-06-02,126,135,21603.97,19131.33,2472.64,171.46,123,5,3.94,0,0.0,11.6,191,4.08,26,13.61,2026-07-05 18:52:00
2017-06-03,89,101,12265.44,10450.35,1815.09,137.81,88,4,4.49,0,0.0,13.76,146,4.03,22,15.07,2026-07-05 18:52:00
2017-06-04,101,106,15898.48,13863.23,2035.25,157.41,99,3,2.94,0,0.0,11.54,34,3.35,11,32.35,2026-07-05 18:52:00
2017-06-05,146,163,27018.16,24184.55,2833.61,185.06,142,5,3.4,1,0.68,10.56,1,5.0,0,0.0,2026-07-05 18:52:00
2017-06-06,133,156,17307.99,14589.15,2718.84,130.14,128,3,2.24,1,0.75,10.75,160,4.51,7,4.38,2026-07-05 18:52:00
2017-06-07,124,132,15397.67,12771.66,2626.01,124.17,122,6,4.65,1,0.78,12.53,151,4.12,24,15.89,2026-07-05 18:52:00
2017-06-08,137,151,22100.45,18503.08,3597.37,161.32,134,3,2.19,0,0.0,12.13,148,4.09,22,14.86,2026-07-05 18:52:00
2017-06-09,106,127,18589.83,16051.35,2538.48,175.38,105,1,0.93,1,0.93,11.47,141,4.18,16,11.35,2026-07-05 18:52:00
2017-06-10,76,83,9807.18,8220.35,1586.83,129.04,72,0,0.0,0,0.0,11.53,111,4.15,15,13.51,2026-07-05 18:52:00
2017-06-11,113,126,16609.43,14303.56,2305.87,146.99,111,5,4.35,0,0.0,12.04,34,3.5,12,35.29,2026-07-05 18:52:00
2017-06-12,125,149,17290.77,14803.11,2487.66,138.33,121,10,7.94,0,0.0,12.8,8,4.0,1,12.5,2026-07-05 18:52:00
2017-06-13,125,141,16579.45,14016.09,2563.36,132.64,121,3,2.38,1,0.79,11.47,137,4.2,15,10.95,2026-07-05 18:52:00
2017-06-14,130,147,23373.59,20441.67,2931.92,179.8,128,9,6.87,0,0.0,12.91,159,4.01,24,15.09,2026-07-05 18:52:00
2017-06-15,107,120,14916.81,12737.67,2179.14,139.41,103,5,4.63,2,1.85,13.58,160,4.24,17,10.63,2026-07-05 18:52:00
2017-06-16,97,105,14777.69,12908.23,1869.46,152.35,94,6,6.19,2,2.06,12.52,15,4.07,2,13.33,2026-07-05 18:52:00
2017-06-17,74,84,12746.15,11264.77,1481.38,172.25,72,3,4.0,0,0.0,11.24,143,4.3,14,9.79,2026-07-05 18:52:00
2017-06-18,90,101,19733.69,17836.16,1897.53,219.26,87,1,1.11,2,2.22,10.38,29,3.55,7,24.14,2026-07-05 18:52:00
2017-06-19,156,179,25933.44,22764.83,3168.61,166.24,152,8,5.13,1,0.64,10.85,4,4.0,0,0.0,2026-07-05 18:52:00
2017-06-20,92,107,14069.74,10968.33,3101.41,152.93,90,3,3.19,1,1.06,9.78,172,4.27,14,8.14,2026-07-05 18:52:00
2017-06-21,35,38,7271.58,6183.65,1087.93,207.76,34,2,5.71,0,0.0,8.97,138,4.04,20,14.49,2026-07-05 18:52:00
2017-06-22,88,98,10609.04,8826.81,1782.23,120.56,83,5,5.68,2,2.27,11.52,202,4.13,26,12.87,2026-07-05 18:52:00
2017-06-23,107,117,15698.5,13282.98,2415.52,146.71,103,0,0.0,1,0.93,11.18,163,4.13,21,12.88,2026-07-05 18:52:00
2017-06-24,76,81,10013.7,8325.65,1688.05,131.76,74,6,7.89,0,0.0,13.03,113,4.06,16,14.16,2026-07-05 18:52:00
2017-06-25,105,117,20734.34,17646.18,3088.16,197.47,99,2,1.9,0,0.0,9.76,77,3.77,20,25.97,2026-07-05 18:52:00
2017-06-26,72,83,15200.32,13414.76,1785.56,211.12,67,4,5.56,0,0.0,11.28,8,4.25,0,0.0,2026-07-05 18:52:00
2017-06-27,140,153,19575.96,16681.61,2894.35,139.83,140,3,2.13,0,0.0,9.83,182,4.3,14,7.69,2026-07-05 18:52:00
2017-06-28,120,128,17051.85,14655.82,2396.03,142.1,117,5,4.17,0,0.0,11.2,159,4.06,25,15.72,2026-07-05 18:52:00
2017-06-29,110,122,14275.04,12169.53,2105.51,129.77,110,4,3.51,0,0.0,10.95,161,4.14,22,13.66,2026-07-05 18:52:00
2017-06-30,93,97,14750.45,12736.89,2013.56,158.61,93,4,4.21,0,0.0,12.66,136,3.99,22,16.18,2026-07-05 18:52:00
2017-07-01,80,94,14139.0,12151.75,1987.25,176.74,77,1,1.25,0,0.0,12.57,111,4.14,16,14.41,2026-07-05 18:52:00
2017-07-02,105,118,13672.73,11489.44,2183.29,130.22,102,3,2.78,2,1.85,10.24,27,3.56,9,33.33,2026-07-05 18:52:00
2017-07-03,117,131,19258.11,16611.05,2647.06,164.6,111,3,2.54,1,0.85,11.05,11,3.82,1,9.09,2026-07-05 18:52:00
2017-07-04,123,134,17940.64,15484.24,2456.4,145.86,120,10,8.0,0,0.0,11.08,149,4.32,15,10.07,2026-07-05 18:52:00
2017-07-05,140,162,24138.21,20789.56,3348.65,172.42,138,5,3.45,2,1.38,11.46,140,4.16,17,12.14,2026-07-05 18:52:00
2017-07-06,148,162,25716.31,22223.72,3492.59,173.76,140,4,2.6,0,0.0,12.02,130,4.15,15,11.54,2026-07-05 18:52:00
2017-07-07,117,134,16206.86,13662.87,2543.99,138.52,114,2,1.65,1,0.83,11.84,133,4.09,20,15.04,2026-07-05 18:52:00
2017-07-08,83,91,11897.07,10206.86,1690.21,143.34,83,0,0.0,0,0.0,11.02,130,4.06,20,15.38,2026-07-05 18:52:00
2017-07-09,90,98,10075.68,8197.38,1878.3,111.95,88,3,3.19,3,3.19,10.84,34,3.65,8,23.53,2026-07-05 18:52:00
2017-07-10,140,156,20397.34,17326.93,3070.41,145.7,140,8,5.59,0,0.0,11.83,5,3.8,0,0.0,2026-07-05 18:52:00
2017-07-11,162,184,23870.57,20213.79,3656.78,147.35,158,5,3.03,1,0.61,10.79,151,4.29,15,9.93,2026-07-05 18:52:00
2017-07-12,149,166,22443.87,19180.22,3263.65,150.63,145,6,3.92,2,1.31,11.59,149,4.24,15,10.07,2026-07-05 18:52:00
2017-07-13,137,155,17986.75,14531.0,3455.75,131.29,131,5,3.65,1,0.73,12.61,159,4.25,19,11.95,2026-07-05 18:52:00
2017-07-14,149,168,21833.26,18745.15,3088.11,146.53,148,1,0.67,0,0.0,12.14,130,4.25,16,12.31,2026-07-05 18:52:00
2017-07-15,98,112,13128.06,10930.56,2197.5,133.96,97,3,3.06,0,0.0,12.25,140,4.24,17,12.14,2026-07-05 18:52:00
2017-07-16,112,148,16005.24,13421.6,2583.64,142.9,107,7,6.14,2,1.75,12.0,32,3.25,11,34.38,2026-07-05 18:52:00
2017-07-17,163,194,25363.55,21554.98,3808.57,155.6,162,7,4.17,0,0.0,10.22,1,3.0,0,0.0,2026-07-05 18:52:00
2017-07-18,190,220,32186.33,28238.2,3948.13,169.4,188,10,5.21,0,0.0,10.97,182,4.37,12,6.59,2026-07-05 18:52:00
2017-07-19,150,171,19710.43,16545.34,3165.09,131.4,148,3,1.96,0,0.0,10.71,165,4.32,12,7.27,2026-07-05 18:52:00
2017-07-20,141,168,22410.97,19174.08,3236.89,158.94,139,4,2.82,1,0.7,11.26,138,4.15,14,10.14,2026-07-05 18:52:00
2017-07-21,114,131,15785.66,13448.85,2336.81,138.47,112,4,3.48,1,0.87,11.55,139,4.3,12,8.63,2026-07-05 18:52:00
2017-07-22,88,101,13318.54,11456.81,1861.73,151.35,87,2,2.27,0,0.0,12.1,191,4.15,23,12.04,2026-07-05 18:52:00
2017-07-23,104,107,14005.72,12117.61,1888.11,134.67,101,1,0.95,0,0.0,9.48,44,3.55,14,31.82,2026-07-05 18:52:00
2017-07-24,161,180,22860.14,19662.62,3197.52,141.99,157,8,4.94,3,1.85,10.65,4,4.0,0,0.0,2026-07-05 18:52:00
2017-07-25,151,171,20563.46,17482.53,3080.93,136.18,145,6,3.92,3,1.96,10.48,198,4.29,19,9.6,2026-07-05 18:52:00
2017-07-26,123,146,13899.48,11265.23,2634.25,113.0,117,3,2.42,2,1.61,10.49,175,4.22,24,13.71,2026-07-05 18:52:00
2017-07-27,123,138,18729.08,15693.93,3035.15,152.27,121,4,3.23,0,0.0,11.6,223,4.18,26,11.66,2026-07-05 18:52:00
2017-07-28,132,153,23276.3,20043.16,3233.14,176.34,130,3,2.27,0,0.0,11.6,166,4.14,17,10.24,2026-07-05 18:52:00
2017-07-29,115,130,18371.91,15964.27,2407.64,159.76,109,5,4.35,1,0.87,11.36,192,4.28,21,10.94,2026-07-05 18:52:00
2017-07-30,117,130,15341.68,12944.87,2396.81,131.13,114,1,0.85,0,0.0,9.11,45,3.49,13,28.89,2026-07-05 18:52:00
2017-07-31,147,166,20438.67,17272.88,3165.79,139.04,143,6,4.05,2,1.35,9.14,9,4.0,1,11.11,2026-07-05 18:52:00
2017-08-01,165,185,25413.33,21745.04,3668.29,154.02,161,7,4.24,0,0.0,10.81,191,4.22,21,10.99,2026-07-05 18:52:00
2017-08-02,155,172,21122.27,18147.0,2975.27,136.27,149,4,2.55,3,1.91,9.33,225,4.24,23,10.22,2026-07-05 18:52:00
2017-08-03,146,166,22219.04,19125.51,3093.53,152.19,144,4,2.7,2,1.35,10.15,149,4.33,14,9.4,2026-07-05 18:52:00
2017-08-04,141,161,21629.61,18361.62,3267.99,153.4,139,4,2.82,0,0.0,12.06,179,4.25,18,10.06,2026-07-05 18:52:00
2017-08-05,115,126,14465.84,11946.91,2518.93,125.79,113,2,1.74,1,0.87,11.9,180,4.11,25,13.89,2026-07-05 18:52:00
2017-08-06,108,122,16965.11,14181.14,2783.97,157.08,105,5,4.59,0,0.0,12.05,47,3.79,12,25.53,2026-07-05 18:52:00
2017-08-07,157,182,26629.34,23257.84,3371.5,169.61,157,6,3.82,0,0.0,10.11,0,,0,0.0,2026-07-05 18:52:00
2017-08-08,146,159,21527.55,18661.63,2865.92,147.45,146,7,4.79,0,0.0,10.42,163,4.33,12,7.36,2026-07-05 18:52:00
2017-08-09,142,161,24018.02,20756.52,3261.5,169.14,140,2,1.39,1,0.69,10.11,199,4.18,25,12.56,2026-07-05 18:52:00
2017-08-10,155,179,23323.21,19961.55,3361.66,150.47,154,6,3.82,1,0.64,11.92,182,4.1,30,16.48,2026-07-05 18:52:00
2017-08-11,138,164,23319.8,20039.24,3280.56,168.98,133,3,2.13,1,0.71,11.1,176,4.06,25,14.2,2026-07-05 18:52:00
2017-08-12,97,108,16194.09,13980.86,2213.23,166.95,91,3,3.06,2,2.04,10.87,218,4.25,29,13.3,2026-07-05 18:52:00
2017-08-13,92,109,14491.45,12334.19,2157.26,157.52,90,2,2.08,1,1.04,9.67,54,3.7,14,25.93,2026-07-05 18:52:00
2017-08-14,156,176,21588.2,18156.37,3431.83,138.39,153,3,1.89,2,1.26,9.31,4,4.75,0,0.0,2026-07-05 18:52:00
2017-08-15,193,210,27940.67,23727.26,4213.41,144.77,186,5,2.58,0,0.0,11.72,179,4.44,12,6.7,2026-07-05 18:52:00
2017-08-16,173,207,27997.94,23950.42,4047.52,161.84,166,9,5.17,3,1.72,10.82,175,4.18,21,12.0,2026-07-05 18:52:00
2017-08-17,155,169,21737.95,18357.91,3380.04,140.24,153,7,4.43,1,0.63,11.61,175,4.12,23,13.14,2026-07-05 18:52:00
2017-08-18,146,160,20025.87,17132.01,2893.86,137.16,141,4,2.72,1,0.68,10.93,184,4.28,21,11.41,2026-07-05 18:52:00
2017-08-19,108,128,15158.9,12910.13,2248.77,140.36,106,2,1.85,1,0.93,10.86,165,4.31,16,9.7,2026-07-05 18:52:00
2017-08-20,103,118,14955.17,12873.78,2081.39,145.2,103,1,0.96,0,0.0,9.57,48,3.65,14,29.17,2026-07-05 18:52:00
2017-08-21,177,212,26019.72,22219.35,3800.37,147.0,172,5,2.82,0,0.0,9.72,2,4.0,0,0.0,2026-07-05 18:52:00
2017-08-22,136,161,19749.47,16627.12,3122.35,145.22,135,3,2.17,1,0.72,10.1,205,4.39,19,9.27,2026-07-05 18:52:00
2017-08-23,111,158,18593.79,15873.61,2720.18,167.51,111,3,2.68,0,0.0,10.28,170,4.06,26,15.29,2026-07-05 18:52:00
2017-08-24,126,143,15982.51,13361.11,2621.4,126.85,123,4,3.13,0,0.0,11.3,188,4.26,23,12.23,2026-07-05 18:52:00
2017-08-25,123,135,17403.72,15163.32,2240.4,141.49,117,7,5.69,2,1.63,12.97,216,4.35,17,7.87,2026-07-05 18:52:00
2017-08-26,93,99,12054.65,10141.69,1912.96,129.62,89,2,2.15,0,0.0,10.39,211,4.31,20,9.48,2026-07-05 18:52:00
2017-08-27,118,143,16295.46,13367.88,2927.58,138.1,115,2,1.68,0,0.0,9.65,47,3.64,11,23.4,2026-07-05 18:52:00
2017-08-28,155,172,25696.59,22244.52,3452.07,165.78,150,6,3.87,1,0.65,9.42,3,4.67,0,0.0,2026-07-05 18:52:00
2017-08-29,137,155,37025.69,33756.48,3269.21,270.26,135,9,6.57,0,0.0,11.25,241,4.42,13,5.39,2026-07-05 18:52:00
2017-08-30,178,198,34964.65,30938.16,4026.49,196.43,173,4,2.21,2,1.1,10.69,168,4.26,19,11.31,2026-07-05 18:52:00
2017-08-31,148,172,23694.99,20671.51,3023.48,160.1,143,8,5.37,1,0.67,10.76,159,4.19,20,12.58,2026-07-05 18:52:00
2017-09-01,158,183,32450.78,28473.13,3977.65,205.38,153,8,5.06,1,0.63,12.31,176,4.18,23,13.07,2026-07-05 18:52:00
2017-09-02,104,118,20479.18,18128.66,2350.52,196.92,102,1,0.96,0,0.0,10.96,129,4.14,16,12.4,2026-07-05 18:52:00
2017-09-03,125,142,30950.79,27795.41,3155.38,247.61,123,2,1.6,1,0.8,9.95,49,3.31,18,36.73,2026-07-05 18:52:00
2017-09-04,148,161,28385.22,24937.98,3447.24,191.79,147,7,4.67,0,0.0,11.73,20,4.25,3,15.0,2026-07-05 18:52:00
2017-09-05,154,181,24528.97,20981.55,3547.42,159.28,151,3,1.91,0,0.0,10.96,178,4.31,13,7.3,2026-07-05 18:52:00
2017-09-06,140,157,28821.83,25624.61,3197.22,205.87,138,11,7.86,1,0.71,13.22,154,4.34,12,7.79,2026-07-05 18:52:00
2017-09-07,97,104,19096.76,16893.5,2203.26,196.87,97,4,4.04,0,0.0,11.2,176,4.2,20,11.36,2026-07-05 18:52:00
2017-09-08,115,133,14523.41,11883.47,2639.94,126.29,111,6,5.17,1,0.86,12.23,16,2.69,8,50.0,2026-07-05 18:52:00
2017-09-09,106,119,17675.75,15082.53,2593.22,166.75,103,3,2.83,0,0.0,10.8,163,4.24,16,9.82,2026-07-05 18:52:00
2017-09-10,135,152,20821.0,17810.27,3010.73,154.23,132,10,7.35,1,0.74,10.25,56,3.86,12,21.43,2026-07-05 18:52:00
2017-09-11,178,193,26985.65,23376.78,3608.87,151.6,176,9,5.0,1,0.56,9.55,5,4.8,0,0.0,2026-07-05 18:52:00
2017-09-12,204,244,32236.94,27136.01,5100.93,158.02,200,19,9.22,2,0.97,11.88,222,4.38,18,8.11,2026-07-05 18:52:00
2017-09-13,205,228,31877.69,27593.28,4284.41,155.5,203,18,8.7,1,0.48,11.57,192,4.23,24,12.5,2026-07-05 18:52:00
2017-09-14,166,198,26502.51,22557.76,3944.75,159.65,163,13,7.83,0,0.0,11.72,267,4.31,25,9.36,2026-07-05 18:52:00
2017-09-15,150,165,21556.67,18373.26,3183.41,143.71,144,9,6.0,2,1.33,12.23,194,4.25,22,11.34,2026-07-05 18:52:00
2017-09-16,129,137,24040.31,21147.37,2892.94,186.36,125,12,9.3,2,1.55,12.43,179,4.15,24,13.41,2026-07-05 18:52:00
2017-09-17,125,136,22826.04,19979.42,2846.62,182.61,125,9,7.14,0,0.0,11.83,61,3.57,15,24.59,2026-07-05 18:52:00
2017-09-18,183,218,32535.25,28487.81,4047.44,177.79,179,21,11.48,0,0.0,11.11,17,4.12,1,5.88,2026-07-05 18:52:00
2017-09-19,153,179,23425.66,20057.95,3367.71,153.11,149,14,9.09,0,0.0,11.46,224,4.37,16,7.14,2026-07-05 18:52:00
2017-09-20,161,187,26032.15,22102.55,3929.6,161.69,158,7,4.29,0,0.0,10.97,235,4.14,34,14.47,2026-07-05 18:52:00
2017-09-21,150,176,22458.19,19015.53,3442.66,149.72,144,3,2.0,0,0.0,12.28,165,4.31,15,9.09,2026-07-05 18:52:00
2017-09-22,136,153,19034.93,16255.12,2779.81,139.96,133,3,2.17,1,0.72,11.38,171,4.11,25,14.62,2026-07-05 18:52:00
2017-09-23,85,99,12433.79,10513.5,1920.29,146.28,81,0,0.0,1,1.14,11.85,177,3.95,32,18.08,2026-07-05 18:52:00
2017-09-24,113,124,15517.69,13049.75,2467.94,137.32,112,2,1.69,2,1.69,11.13,54,3.7,12,22.22,2026-07-05 18:52:00
2017-09-25,133,154,20944.59,17987.1,2957.49,157.48,129,1,0.74,1,0.74,10.53,14,4.93,0,0.0,2026-07-05 18:52:00
2017-09-26,179,196,25241.66,21681.9,3559.76,141.01,174,7,3.89,0,0.0,10.9,221,4.36,12,5.43,2026-07-05 18:52:00
2017-09-27,144,174,24083.23,20646.92,3436.31,167.24,144,3,2.04,1,0.68,11.29,208,4.1,34,16.35,2026-07-05 18:52:00
2017-09-28,142,165,26349.1,23264.52,3084.58,185.56,140,3,2.1,1,0.7,11.05,154,4.05,23,14.94,2026-07-05 18:52:00
2017-09-29,116,135,33704.0,30878.56,2825.44,290.55,109,5,4.13,0,0.0,12.4,146,4.16,23,15.75,2026-07-05 18:52:00
2017-09-30,109,120,14879.17,12685.49,2193.68,136.51,105,3,2.75,0,0.0,11.14,176,4.1,25,14.2,2026-07-05 18:52:00
2017-10-01,128,145,21909.43,18821.27,3088.16,171.17,124,3,2.34,2,1.56,11.56,60,3.65,17,28.33,2026-07-05 18:52:00
2017-10-02,142,166,25178.3,21764.65,3413.65,177.31,140,2,1.4,0,0.0,10.56,35,4.23,5,14.29,2026-07-05 18:52:00
2017-10-03,198,218,30389.12,26118.57,4270.55,153.48,193,6,3.03,0,0.0,10.91,161,4.43,9,5.59,2026-07-05 18:52:00
2017-10-04,157,171,24787.58,21197.7,3589.88,157.88,156,1,0.64,0,0.0,11.67,210,4.33,18,8.57,2026-07-05 18:52:00
2017-10-05,140,171,29129.83,25517.52,3612.31,208.07,138,7,5.0,1,0.71,12.34,144,4.44,8,5.56,2026-07-05 18:52:00
2017-10-06,126,154,19998.48,17084.67,2913.81,158.72,124,11,8.46,1,0.77,14.05,154,4.21,19,12.34,2026-07-05 18:52:00
2017-10-07,103,117,17748.51,15376.02,2372.49,172.32,100,6,5.71,1,0.95,13.35,193,4.15,24,12.44,2026-07-05 18:52:00
2017-10-08,124,137,19424.09,16539.01,2885.08,156.65,124,2,1.59,0,0.0,10.41,68,3.46,21,30.88,2026-07-05 18:52:00
2017-10-09,191,223,34989.53,30337.79,4651.74,183.19,187,14,7.25,2,1.04,11.89,32,4.25,4,12.5,2026-07-05 18:52:00
2017-10-10,180,206,31965.46,28151.13,3814.33,177.59,175,14,7.57,2,1.08,11.89,227,4.23,23,10.13,2026-07-05 18:52:00
2017-10-11,156,178,25916.4,22669.37,3247.03,166.13,151,7,4.43,0,0.0,11.19,210,4.23,24,11.43,2026-07-05 18:52:00
2017-10-12,140,158,22201.28,18754.23,3447.05,158.58,136,5,3.5,2,1.4,12.43,191,4.17,24,12.57,2026-07-05 18:52:00
2017-10-13,151,165,26405.41,22881.19,3524.22,174.87,150,11,7.14,0,0.0,12.73,43,3.12,17,39.53,2026-07-05 18:52:00
2017-10-14,116,128,16185.46,13528.82,2656.64,139.53,114,5,4.31,1,0.86,10.89,168,4.22,18,10.71,2026-07-05 18:52:00
2017-10-15,120,137,21299.15,18751.85,2547.3,177.49,117,5,4.13,0,0.0,9.88,84,3.75,22,26.19,2026-07-05 18:52:00
2017-10-16,194,226,35107.63,30580.16,4527.47,180.97,188,13,6.67,1,0.51,11.09,4,5.0,0,0.0,2026-07-05 18:52:00
2017-10-17,197,259,34756.27,29675.77,5080.5,176.43,195,19,9.41,0,0.0,11.61,214,4.29,23,10.75,2026-07-05 18:52:00
2017-10-18,176,223,31501.86,27257.79,4244.07,178.99,176,6,3.35,0,0.0,10.56,230,4.3,25,10.87,2026-07-05 18:52:00
2017-10-19,175,195,26909.61,23223.71,3685.9,153.77,172,8,4.55,0,0.0,11.33,190,4.12,23,12.11,2026-07-05 18:52:00
2017-10-20,120,131,21563.08,18626.2,2936.88,179.69,118,5,4.03,3,2.42,11.75,197,4.32,15,7.61,2026-07-05 18:52:00
2017-10-21,110,124,17552.04,14982.45,2569.59,159.56,104,3,2.65,2,1.77,10.65,194,4.24,20,10.31,2026-07-05 18:52:00
2017-10-22,157,182,23234.37,19786.81,3447.56,147.99,152,9,5.7,1,0.63,10.82,63,4.0,7,11.11,2026-07-05 18:52:00
2017-10-23,158,189,25835.52,22278.1,3557.42,163.52,152,6,3.73,1,0.62,10.56,7,3.71,2,28.57,2026-07-05 18:52:00
2017-10-24,164,193,25738.66,22071.27,3667.39,156.94,162,10,6.1,1,0.61,10.45,219,4.28,22,10.05,2026-07-05 18:52:00
2017-10-25,154,171,20731.59,17507.06,3224.53,134.62,152,4,2.56,0,0.0,11.49,250,4.2,30,12.0,2026-07-05 18:52:00
2017-10-26,143,179,26317.77,22573.15,3744.62,184.04,140,8,5.56,1,0.69,11.03,232,4.24,28,12.07,2026-07-05 18:52:00
2017-10-27,131,156,23152.45,20377.58,2774.87,176.74,130,10,7.52,0,0.0,12.62,207,4.24,19,9.18,2026-07-05 18:52:00
2017-10-28,86,97,18922.48,16483.61,2438.87,220.03,85,2,2.27,1,1.14,12.4,217,4.16,27,12.44,2026-07-05 18:52:00
2017-10-29,130,160,20283.6,17267.75,3015.85,156.03,129,6,4.55,2,1.52,10.47,68,3.34,24,35.29,2026-07-05 18:52:00
2017-10-30,144,169,23330.88,20221.23,3109.65,162.02,138,17,11.41,1,0.67,10.82,1,5.0,0,0.0,2026-07-05 18:52:00
2017-10-31,157,194,26846.53,23813.0,3033.53,171.0,156,12,7.5,0,0.0,11.58,151,4.01,22,14.57,2026-07-05 18:52:00
2017-11-01,109,127,22066.99,19383.61,2683.38,202.45,108,6,5.41,0,0.0,12.5,242,4.18,28,11.57,2026-07-05 18:52:00
2017-11-02,121,145,24082.94,21263.73,2819.21,199.03,117,6,4.84,2,1.61,12.38,202,4.0,33,16.34,2026-07-05 18:52:00
2017-11-03,138,169,26036.15,22844.05,3192.1,188.67,138,7,4.9,0,0.0,12.27,30,2.97,13,43.33,2026-07-05 18:52:00
2017-11-04,111,135,22294.81,19169.07,3125.74,200.85,106,5,4.5,0,0.0,11.83,226,4.29,15,6.64,2026-07-05 18:52:00
2017-11-05,141,162,20901.95,17327.44,3574.51,148.24,137,4,2.78,2,1.39,11.04,54,3.31,20,37.04,2026-07-05 18:52:00
2017-11-06,190,209,33149.61,28600.29,4549.32,174.47,182,12,6.22,4,2.07,13.06,0,,0,0.0,2026-07-05 18:52:00
2017-11-07,157,177,24610.72,20829.71,3781.01,156.76,154,8,5.0,0,0.0,11.12,158,4.22,15,9.49,2026-07-05 18:52:00
2017-11-08,174,199,23262.88,19240.51,4022.37,133.69,169,11,6.29,2,1.14,11.66,267,4.17,30,11.24,2026-07-05 18:52:00
2017-11-09,188,223,28901.64,25053.34,3848.3,153.73,182,7,3.66,3,1.57,11.72,189,4.1,28,14.81,2026-07-05 18:52:00
2017-11-10,164,193,23603.57,20223.84,3379.73,143.92,159,11,6.67,2,1.21,13.34,153,4.11,24,15.69,2026-07-05 18:52:00
2017-11-11,155,175,26670.94,23292.07,3378.87,172.07,152,10,6.29,1,0.63,13.92,195,3.94,39,20.0,2026-07-05 18:52:00
2017-11-12,172,186,26529.31,23087.26,3442.05,154.24,170,11,6.32,0,0.0,12.49,62,2.95,26,41.94,2026-07-05 18:52:00
2017-11-13,202,235,29334.24,24391.97,4942.27,145.22,197,18,8.78,2,0.98,12.98,1,4.0,0,0.0,2026-07-05 18:52:00
2017-11-14,189,222,31356.87,27049.68,4307.19,165.91,184,21,10.94,4,2.08,15.2,214,4.38,15,7.01,2026-07-05 18:52:00
2017-11-15,185,216,27546.25,23711.29,3834.96,148.9,176,13,6.99,3,1.61,12.51,200,4.03,32,16.0,2026-07-05 18:52:00
2017-11-16,224,257,32918.09,28268.82,4649.27,146.96,219,20,8.85,0,0.0,13.21,41,3.32,13,31.71,2026-07-05 18:52:00
2017-11-17,189,225,34192.17,29209.07,4983.1,180.91,185,19,9.64,0,0.0,13.13,185,4.25,13,7.03,2026-07-05 18:52:00
2017-11-18,146,171,27205.38,23233.3,3972.08,186.34,141,17,11.41,1,0.67,14.08,192,4.04,29,15.1,2026-07-05 18:52:00
2017-11-19,158,176,23312.61,19955.56,3357.05,147.55,157,16,10.13,0,0.0,11.62,71,3.86,16,22.54,2026-07-05 18:52:00
2017-11-20,226,262,50065.87,44284.47,5781.4,221.53,219,31,13.48,2,0.87,13.11,4,3.25,1,25.0,2026-07-05 18:52:00
2017-11-21,226,258,39276.17,34316.64,4959.53,173.79,222,44,19.3,2,0.88,13.42,140,4.18,16,11.43,2026-07-05 18:52:00
2017-11-22,198,239,29951.16,24962.57,4988.59,151.27,190,28,13.93,1,0.5,13.92,248,4.33,22,8.87,2026-07-05 18:52:00
2017-11-23,277,336,51499.46,44712.88,6786.58,185.92,268,42,14.84,2,0.71,15.65,246,4.15,28,11.38,2026-07-05 18:52:00
2017-11-24,1166,1366,178377.63,152653.74,25723.89,152.98,1147,229,19.47,0,0.0,16.72,270,4.18,39,14.44,2026-07-05 18:52:00
2017-11-25,498,580,71858.16,60923.48,10934.68,144.29,487,113,22.65,0,0.0,18.96,239,4.23,25,10.46,2026-07-05 18:52:00
2017-11-26,388,456,53595.2,45315.28,8279.92,138.13,382,78,19.95,2,0.51,16.08,131,3.96,24,18.32,2026-07-05 18:52:00
2017-11-27,400,474,56644.85,47923.66,8721.19,141.61,395,84,20.84,0,0.0,15.97,43,4.14,3,6.98,2026-07-05 18:52:00
2017-11-28,376,431,56248.47,47886.55,8361.92,149.6,372,78,20.53,1,0.26,15.06,259,4.31,21,8.11,2026-07-05 18:52:00
2017-11-29,319,366,47031.59,39834.75,7196.84,147.43,314,64,19.81,1,0.31,17.41,272,4.08,40,14.71,2026-07-05 18:52:00
2017-11-30,264,295,36618.09,31322.74,5295.35,138.7,260,30,11.24,0,0.0,15.52,252,4.07,32,12.7,2026-07-05 18:52:00
2017-12-01,274,312,45973.82,39981.91,5991.91,167.79,267,33,12.0,1,0.36,16.1,279,4.13,40,14.34,2026-07-05 18:52:00
2017-12-02,214,235,35713.18,31208.13,4505.05,166.88,212,26,12.04,0,0.0,16.24,249,4.0,38,15.26,2026-07-05 18:52:00
2017-12-03,231,261,34207.42,29262.92,4944.5,148.08,227,26,11.11,1,0.43,14.57,144,3.92,31,21.53,2026-07-05 18:52:00
2017-12-04,331,369,54260.12,47348.52,6911.6,163.93,322,50,14.84,1,0.3,15.26,55,4.25,3,5.45,2026-07-05 18:52:00
2017-12-05,275,323,39560.42,33632.37,5928.05,143.86,269,31,10.99,0,0.0,15.07,293,4.26,27,9.22,2026-07-05 18:52:00
2017-12-06,273,314,45490.22,39198.74,6291.48,166.63,269,33,11.79,1,0.36,16.19,350,4.16,45,12.86,2026-07-05 18:52:00
2017-12-07,226,257,32920.88,28055.78,4865.1,145.67,223,27,11.79,0,0.0,15.65,305,4.21,37,12.13,2026-07-05 18:52:00
2017-12-08,215,237,34362.22,29847.46,4514.76,159.82,210,25,11.42,0,0.0,16.38,352,4.2,44,12.5,2026-07-05 18:52:00
2017-12-09,155,170,23639.52,20027.04,3612.48,152.51,154,14,9.03,0,0.0,17.06,294,4.05,43,14.63,2026-07-05 18:52:00
2017-12-10,187,205,28617.28,24695.79,3921.49,153.03,184,15,7.89,1,0.53,14.45,189,3.88,43,22.75,2026-07-05 18:52:00
2017-12-11,267,296,39415.43,33990.39,5425.04,147.62,262,18,6.74,1,0.37,14.94,63,4.63,3,4.76,2026-07-05 18:52:00
2017-12-12,258,295,38557.38,33468.71,5088.67,149.45,251,25,9.62,0,0.0,14.82,399,4.19,42,10.53,2026-07-05 18:52:00
2017-12-13,218,262,34382.63,29601.28,4781.35,157.72,215,10,4.59,1,0.46,13.67,407,4.13,50,12.29,2026-07-05 18:52:00
2017-12-14,199,215,29580.87,25286.23,4294.64,148.65,195,11,5.5,0,0.0,15.07,367,3.81,81,22.07,2026-07-05 18:52:00
2017-12-15,192,208,31451.63,27382.2,4069.43,163.81,185,11,5.73,0,0.0,15.75,318,3.94,54,16.98,2026-07-05 18:52:00
2017-12-16,131,144,22907.06,20296.28,2610.78,174.86,129,7,5.34,0,0.0,15.26,304,3.87,65,21.38,2026-07-05 18:52:00
2017-12-17,133,151,22106.0,19312.41,2793.59,166.21,130,4,3.01,0,0.0,12.56,175,3.14,68,38.86,2026-07-05 18:52:00
2017-12-18,208,233,33810.61,29162.11,4648.5,162.55,205,14,6.7,0,0.0,14.25,85,4.26,8,9.41,2026-07-05 18:52:00
2017-12-19,174,201,24128.29,20615.99,3512.3,138.67,173,13,7.39,0,0.0,13.9,463,3.74,107,23.11,2026-07-05 18:52:00
2017-12-20,171,196,32004.67,27958.53,4046.14,187.16,168,11,6.43,0,0.0,15.64,440,3.63,110,25.0,2026-07-05 18:52:00
2017-12-21,143,156,21532.95,18572.22,2960.73,150.58,140,9,6.29,1,0.7,13.85,387,3.64,99,25.58,2026-07-05 18:52:00
2017-12-22,110,127,17208.04,14935.3,2272.74,156.44,108,5,4.5,0,0.0,15.43,326,3.67,81,24.85,2026-07-05 18:52:00
2017-12-23,107,119,15357.09,12875.05,2482.04,143.52,101,12,11.01,1,0.92,16.94,217,4.23,24,11.06,2026-07-05 18:52:00
2017-12-24,59,62,6960.79,5759.01,1201.78,117.98,57,1,1.69,1,1.69,11.28,170,3.26,63,37.06,2026-07-05 18:52:00
2017-12-25,90,101,12662.23,10381.34,2280.89,140.69,86,7,7.78,0,0.0,14.47,9,4.56,0,0.0,2026-07-05 18:52:00
2017-12-26,168,181,23787.74,20549.43,3238.31,141.59,165,4,2.38,0,0.0,11.95,0,,0,0.0,2026-07-05 18:52:00
2017-12-27,166,184,21027.51,17700.4,3327.11,126.67,164,4,2.4,0,0.0,13.15,289,4.34,23,7.96,2026-07-05 18:52:00
2017-12-28,146,157,17782.05,15037.49,2744.56,121.79,143,8,5.48,0,0.0,14.46,346,3.86,72,20.81,2026-07-05 18:52:00
2017-12-29,133,151,18765.65,16042.72,2722.93,141.1,132,4,2.96,0,0.0,14.81,322,3.74,79,24.53,2026-07-05 18:52:00
2017-12-30,96,108,15189.49,13042.65,2146.84,158.22,96,3,3.09,0,0.0,15.41,277,3.88,54,19.49,2026-07-05 18:52:00
2017-12-31,74,78,10184.04,8685.77,1498.27,137.62,71,1,1.35,1,1.35,13.27,108,3.19,44,40.74,2026-07-05 18:52:00
2018-01-01,73,81,8391.92,6948.21,1443.71,114.96,72,4,5.41,0,0.0,12.24,5,4.2,1,20.0,2026-07-05 18:52:00
2018-01-02,203,233,29410.51,25315.0,4095.51,144.88,200,4,1.96,0,0.0,11.66,1,5.0,0,0.0,2026-07-05 18:52:00
2018-01-03,222,247,36746.08,31886.72,4859.36,165.52,219,9,4.0,1,0.44,13.17,38,3.97,6,15.79,2026-07-05 18:52:00
2018-01-04,255,278,39916.16,34839.44,5076.72,156.53,248,15,5.81,0,0.0,13.58,340,3.74,76,22.35,2026-07-05 18:52:00
2018-01-05,209,244,32227.36,27720.39,4506.97,154.2,197,10,4.76,0,0.0,14.44,273,3.92,49,17.95,2026-07-05 18:52:00
2018-01-06,215,258,32581.28,27609.67,4971.61,151.54,213,6,2.78,0,0.0,14.91,268,3.91,50,18.66,2026-07-05 18:52:00
2018-01-07,195,220,33918.12,29433.01,4485.11,173.94,192,6,3.06,0,0.0,12.2,111,3.25,46,41.44,2026-07-05 18:52:00
2018-01-08,292,334,45168.65,38714.4,6454.25,154.69,287,11,3.75,0,0.0,12.46,16,3.94,2,12.5,2026-07-05 18:52:00
2018-01-09,251,272,35401.33,30248.91,5152.42,141.04,246,11,4.37,0,0.0,13.04,275,4.21,30,10.91,2026-07-05 18:52:00
2018-01-10,277,317,44820.92,38479.53,6341.39,161.81,271,16,5.78,0,0.0,14.69,309,4.02,47,15.21,2026-07-05 18:52:00
2018-01-11,264,305,46332.5,40056.96,6275.54,175.5,260,8,3.01,0,0.0,13.67,276,4.13,40,14.49,2026-07-05 18:52:00
2018-01-12,239,284,36932.97,30988.94,5944.03,154.53,234,11,4.53,0,0.0,14.34,248,3.94,40,16.13,2026-07-05 18:52:00
2018-01-13,216,240,32679.83,28091.91,4587.92,151.3,211,6,2.74,0,0.0,12.9,222,3.83,44,19.82,2026-07-05 18:52:00
2018-01-14,232,252,35388.83,30962.53,4426.3,152.54,229,16,6.81,0,0.0,12.83,93,3.73,23,24.73,2026-07-05 18:52:00
2018-01-15,305,340,44978.73,38330.3,6648.43,147.47,300,16,5.21,0,0.0,12.62,8,4.75,0,0.0,2026-07-05 18:52:00
2018-01-16,301,362,51093.97,44237.17,6856.8,169.75,296,27,8.94,0,0.0,13.2,222,4.41,17,7.66,2026-07-05 18:52:00
2018-01-17,282,300,42141.53,36089.22,6052.31,149.44,277,17,6.03,0,0.0,12.79,255,4.29,24,9.41,2026-07-05 18:52:00
2018-01-18,238,274,32759.39,27774.77,4984.62,137.64,236,15,6.22,0,0.0,13.49,261,4.09,42,16.09,2026-07-05 18:52:00
2018-01-19,232,263,35264.83,29954.78,5310.05,152.0,225,19,8.09,0,0.0,14.44,224,4.15,28,12.5,2026-07-05 18:52:00
2018-01-20,184,208,26951.33,22381.68,4569.65,146.47,182,18,9.78,1,0.54,14.57,264,4.11,37,14.02,2026-07-05 18:52:00
2018-01-21,194,213,27893.79,23829.83,4063.96,143.78,188,18,9.05,2,1.01,13.97,69,3.94,11,15.94,2026-07-05 18:52:00
2018-01-22,310,353,43395.11,37137.64,6257.47,139.98,305,26,8.28,1,0.32,12.38,21,4.1,2,9.52,2026-07-05 18:52:00
2018-01-23,262,300,40293.17,34746.17,5547.0,153.79,256,25,9.54,2,0.76,13.56,353,4.1,42,11.9,2026-07-05 18:52:00
2018-01-24,243,271,36899.36,31700.17,5199.19,151.85,236,33,13.52,3,1.23,16.0,326,4.07,49,15.03,2026-07-05 18:52:00
2018-01-25,232,265,34689.28,29634.42,5054.86,149.52,226,15,6.44,2,0.86,14.45,308,4.25,31,10.06,2026-07-05 18:52:00
2018-01-26,228,265,39261.3,33995.0,5266.3,172.2,223,14,6.11,3,1.31,13.65,265,4.21,33,12.45,2026-07-05 18:52:00
2018-01-27,153,175,25102.77,22031.08,3071.69,164.07,150,11,7.19,3,1.96,13.49,332,4.2,40,12.05,2026-07-05 18:52:00
2018-01-28,155,168,27507.22,24100.75,3406.47,177.47,149,6,3.85,3,1.92,12.67,93,3.74,24,25.81,2026-07-05 18:52:00
2018-01-29,246,289,36021.46,30481.32,5540.14,146.43,242,31,12.6,4,1.63,15.38,27,4.11,5,18.52,2026-07-05 18:52:00
2018-01-30,257,313,35362.73,29588.85,5773.88,137.6,248,28,10.85,6,2.33,15.27,354,4.19,39,11.02,2026-07-05 18:52:00
2018-01-31,255,284,37769.46,32721.59,5047.87,148.12,251,12,4.69,3,1.17,14.09,322,4.08,48,14.91,2026-07-05 18:52:00
2018-02-01,232,268,35736.74,30362.15,5374.59,154.04,227,15,6.47,4,1.72,14.45,335,4.2,46,13.73,2026-07-05 18:52:00
2018-02-02,212,256,32517.5,27731.6,4785.9,153.38,207,20,9.43,4,1.89,16.66,279,4.0,44,15.77,2026-07-05 18:52:00
2018-02-03,193,209,27570.62,23448.66,4121.96,142.85,189,7,3.63,3,1.55,16.43,278,3.86,52,18.71,2026-07-05 18:52:00
2018-02-04,201,222,28216.48,23989.79,4226.69,140.38,197,10,4.98,1,0.5,14.29,99,3.64,27,27.27,2026-07-05 18:52:00
2018-02-05,271,313,43196.96,37360.84,5836.12,159.4,265,23,8.49,5,1.85,16.16,28,4.36,2,7.14,2026-07-05 18:52:00
2018-02-06,267,300,39846.72,34119.38,5727.34,149.24,262,17,6.34,1,0.37,14.97,294,4.33,25,8.5,2026-07-05 18:52:00
2018-02-07,246,283,36332.33,31306.23,5026.1,147.69,242,15,6.05,3,1.21,15.06,335,4.01,52,15.52,2026-07-05 18:52:00
2018-02-08,229,254,31813.03,27314.73,4498.3,138.92,225,25,10.87,4,1.74,16.91,252,4.07,40,15.87,2026-07-05 18:52:00
2018-02-09,211,229,34909.13,30743.07,4166.06,165.45,208,28,12.96,3,1.39,17.81,255,3.99,46,18.04,2026-07-05 18:52:00
2018-02-10,176,195,25021.38,21248.16,3773.22,142.17,174,16,8.94,2,1.12,16.2,240,3.95,47,19.58,2026-07-05 18:52:00
2018-02-11,170,188,25943.97,22504.98,3438.99,152.61,165,25,14.53,1,0.58,16.37,79,3.32,28,35.44,2026-07-05 18:52:00
2018-02-12,215,250,27609.53,23310.73,4298.8,128.42,214,36,16.51,1,0.46,16.35,17,4.24,1,5.88,2026-07-05 18:52:00
2018-02-13,222,263,28125.11,23638.34,4486.77,126.69,217,26,11.61,3,1.34,14.38,1,5.0,0,0.0,2026-07-05 18:52:00
2018-02-14,294,345,43339.15,37079.65,6259.5,147.41,287,39,13.22,4,1.36,14.74,0,,0,0.0,2026-07-05 18:52:00
2018-02-15,281,316,37940.27,32279.91,5660.36,135.02,270,41,14.49,5,1.77,15.66,353,4.11,42,11.9,2026-07-05 18:52:00
2018-02-16,212,245,31674.13,26894.99,4779.14,149.41,210,33,15.42,0,0.0,16.28,335,4.1,50,14.93,2026-07-05 18:52:00
2018-02-17,202,224,29414.49,24952.76,4461.73,145.62,198,29,14.22,4,1.96,16.81,355,3.97,55,15.49,2026-07-05 18:52:00
2018-02-18,202,234,29061.89,24592.43,4469.46,143.87,199,31,15.35,2,0.99,15.53,125,3.67,34,27.2,2026-07-05 18:52:00
2018-02-19,259,295,33735.95,28190.63,5545.32,130.25,251,48,18.53,4,1.54,15.34,34,4.44,0,0.0,2026-07-05 18:52:00
2018-02-20,288,315,42533.76,36568.57,5965.19,147.69,283,41,14.19,3,1.04,14.47,294,4.24,29,9.86,2026-07-05 18:52:00
2018-02-21,265,310,37926.96,32401.69,5525.27,143.12,260,61,22.93,4,1.5,16.34,366,3.97,61,16.67,2026-07-05 18:52:00
2018-02-22,278,362,38690.94,32718.71,5972.23,139.18,268,57,20.43,4,1.43,17.22,309,3.99,47,15.21,2026-07-05 18:52:00
2018-02-23,235,260,33072.96,28424.7,4648.26,140.74,232,49,20.85,0,0.0,18.74,340,3.9,65,19.12,2026-07-05 18:52:00
2018-02-24,190,209,28298.46,24263.51,4034.95,148.94,188,51,26.7,1,0.52,20.84,310,3.86,61,19.68,2026-07-05 18:52:00
2018-02-25,237,269,34930.89,29203.77,5727.12,147.39,231,59,24.89,1,0.42,18.51,135,3.68,36,26.67,2026-07-05 18:52:00
2018-02-26,296,334,50112.08,43750.96,6361.12,169.3,290,90,30.1,3,1.0,19.2,39,3.95,6,15.38,2026-07-05 18:52:00
2018-02-27,298,366,47076.98,40267.2,6809.78,157.98,293,77,25.84,2,0.67,18.58,289,4.3,27,9.34,2026-07-05 18:52:00
2018-02-28,312,358,52260.55,45510.57,6749.98,167.5,303,80,25.56,1,0.32,17.92,325,3.91,58,17.85,2026-07-05 18:52:00
2018-03-01,275,316,46189.25,39651.51,6537.74,167.96,268,76,27.44,4,1.44,17.9,274,4.11,37,13.5,2026-07-05 18:52:00
2018-03-02,265,303,37373.53,31776.46,5597.07,141.03,262,84,31.58,0,0.0,19.68,239,4.17,30,12.55,2026-07-05 18:52:00
2018-03-03,212,230,31367.13,26394.97,4972.16,147.96,205,64,29.91,3,1.4,18.98,281,4.0,47,16.73,2026-07-05 18:52:00
2018-03-04,235,250,37350.99,32441.9,4909.09,158.94,228,65,27.54,0,0.0,18.59,114,3.46,38,33.33,2026-07-05 18:52:00
2018-03-05,262,316,45384.47,38323.07,7061.4,173.22,252,72,27.27,4,1.52,17.63,18,4.06,3,16.67,2026-07-05 18:52:00
2018-03-06,271,305,45971.25,39173.99,6797.26,169.64,268,82,30.26,0,0.0,17.73,319,4.24,33,10.34,2026-07-05 18:52:00
2018-03-07,258,289,42471.16,36137.89,6333.27,164.62,254,79,30.5,0,0.0,18.09,311,3.91,58,18.65,2026-07-05 18:52:00
2018-03-08,234,273,33842.12,28156.39,5685.73,144.62,227,57,24.36,1,0.43,16.61,315,3.82,66,20.95,2026-07-05 18:52:00
2018-03-09,203,229,33716.51,28405.44,5311.07,166.09,197,44,21.57,0,0.0,18.3,290,3.89,53,18.28,2026-07-05 18:52:00
2018-03-10,192,214,30801.14,26203.91,4597.23,160.42,185,50,25.91,1,0.52,18.71,296,3.86,59,19.93,2026-07-05 18:52:00
2018-03-11,218,239,36618.35,31320.43,5297.92,167.97,215,58,26.61,0,0.0,16.93,142,3.35,51,35.92,2026-07-05 18:52:00
2018-03-12,232,259,35930.91,30644.66,5286.25,154.87,228,69,29.74,0,0.0,17.86,43,4.28,5,11.63,2026-07-05 18:52:00
2018-03-13,227,270,42179.61,36074.24,6105.37,185.81,217,54,23.79,1,0.44,16.28,188,4.18,22,11.7,2026-07-05 18:52:00
2018-03-14,198,235,28323.84,23528.79,4795.05,143.05,195,46,23.12,0,0.0,16.71,291,3.63,75,25.77,2026-07-05 18:52:00
2018-03-15,286,327,51444.06,44311.46,7132.6,179.87,272,65,22.41,3,1.03,16.49,329,3.69,82,24.92,2026-07-05 18:52:00
2018-03-16,252,290,38760.01,32832.19,5927.82,153.81,242,53,21.03,0,0.0,16.03,312,3.74,71,22.76,2026-07-05 18:52:00
2018-03-17,180,191,23996.86,20078.5,3918.36,133.32,176,36,20.0,0,0.0,16.97,316,3.63,83,26.27,2026-07-05 18:52:00
2018-03-18,215,232,36076.38,31119.33,4957.05,167.8,211,33,15.35,0,0.0,14.22,200,3.13,77,38.5,2026-07-05 18:52:00
2018-03-19,302,366,52581.75,44645.19,7936.56,174.11,293,67,22.11,1,0.33,14.27,52,4.1,6,11.54,2026-07-05 18:52:00
2018-03-20,297,348,42887.92,35749.47,7138.45,144.4,292,43,14.48,2,0.67,13.54,261,4.07,30,11.49,2026-07-05 18:52:00
2018-03-21,285,315,46433.96,39714.43,6719.53,162.93,277,30,10.49,1,0.35,12.95,378,3.45,112,29.63,2026-07-05 18:52:00
2018-03-22,254,296,36989.79,31119.41,5870.38,145.63,249,31,12.2,0,0.0,13.51,364,3.64,90,24.73,2026-07-05 18:52:00
2018-03-23,219,256,34638.16,29621.24,5016.92,158.17,209,15,6.79,1,0.45,12.76,363,3.38,116,31.96,2026-07-05 18:52:00
2018-03-24,165,189,27711.42,23787.77,3923.65,167.95,163,21,12.73,0,0.0,13.55,359,3.41,114,31.75,2026-07-05 18:52:00
2018-03-25,190,226,30192.79,25557.29,4635.5,158.91,188,29,15.26,0,0.0,13.58,195,2.82,100,51.28,2026-07-05 18:52:00
2018-03-26,271,320,41955.68,35779.01,6176.67,154.82,266,36,13.24,1,0.37,13.23,14,4.14,2,14.29,2026-07-05 18:52:00
2018-03-27,245,289,40630.2,34732.56,5897.64,165.84,239,35,14.29,1,0.41,13.16,264,4.29,27,10.23,2026-07-05 18:52:00
2018-03-28,219,242,34416.66,29713.34,4703.32,157.15,210,27,12.27,1,0.45,13.88,365,3.73,87,23.84,2026-07-05 18:52:00
2018-03-29,194,224,33562.67,28926.73,4635.94,173.0,188,29,14.95,1,0.52,15.65,421,3.76,92,21.85,2026-07-05 18:52:00
2018-03-30,165,185,26275.08,22088.14,4186.94,159.24,163,20,12.12,0,0.0,14.48,390,3.69,98,25.13,2026-07-05 18:52:00
2018-03-31,167,193,29053.17,25203.73,3849.44,173.97,164,26,15.48,0,0.0,13.19,99,2.0,68,68.69,2026-07-05 18:52:00
2018-04-01,207,232,34189.0,29396.66,4792.34,165.16,201,20,9.66,0,0.0,10.94,51,4.33,4,7.84,2026-07-05 18:52:00
2018-04-02,281,332,47968.33,40279.1,7689.23,170.71,274,41,14.54,1,0.35,12.18,2,4.5,0,0.0,2026-07-05 18:52:00
2018-04-03,246,279,42070.51,36246.51,5824.0,171.02,243,26,10.53,0,0.0,11.98,335,4.26,27,8.06,2026-07-05 18:52:00
2018-04-04,257,287,43567.82,37982.73,5585.09,169.52,252,18,7.0,0,0.0,11.02,382,3.67,96,25.13,2026-07-05 18:52:00
2018-04-05,266,298,42218.8,36058.79,6160.01,158.72,261,13,4.89,0,0.0,10.99,352,3.78,78,22.16,2026-07-05 18:52:00
2018-04-06,189,213,32285.34,27784.74,4500.6,170.82,181,6,3.17,1,0.53,11.29,376,3.83,81,21.54,2026-07-05 18:52:00
2018-04-07,164,184,29014.87,25517.38,3497.49,176.92,161,9,5.49,0,0.0,11.91,343,3.54,99,28.86,2026-07-05 18:52:00
2018-04-08,185,207,27877.68,23463.85,4413.83,150.69,183,13,7.03,0,0.0,10.7,171,3.12,67,39.18,2026-07-05 18:52:00
2018-04-09,253,290,55782.82,49308.73,6474.09,220.49,250,12,4.74,0,0.0,10.16,26,4.04,2,7.69,2026-07-05 18:52:00
2018-04-10,201,231,32535.26,27870.56,4664.7,161.87,196,10,4.98,0,0.0,11.09,312,4.36,20,6.41,2026-07-05 18:52:00
2018-04-11,274,310,47204.46,40782.96,6421.5,172.28,262,11,4.01,0,0.0,10.62,353,3.82,73,20.68,2026-07-05 18:52:00
2018-04-12,255,298,39945.39,34117.58,5827.81,156.65,253,8,3.14,0,0.0,11.98,408,3.88,80,19.61,2026-07-05 18:52:00
2018-04-13,202,242,36440.53,31150.36,5290.17,180.4,197,6,2.97,3,1.49,11.95,337,3.92,66,19.58,2026-07-05 18:52:00
2018-04-14,146,172,22397.87,18845.7,3552.17,153.41,145,7,4.79,0,0.0,12.7,336,3.88,67,19.94,2026-07-05 18:52:00
2018-04-15,223,264,36558.19,30524.04,6034.15,163.94,219,7,3.14,0,0.0,10.25,136,3.03,58,42.65,2026-07-05 18:52:00
2018-04-16,280,320,47359.48,40412.26,6947.22,169.14,276,13,4.64,1,0.36,10.96,20,3.75,3,15.0,2026-07-05 18:52:00
2018-04-17,265,311,42612.79,36682.97,5929.82,160.8,258,12,4.51,1,0.38,11.23,293,4.28,30,10.24,2026-07-05 18:52:00
2018-04-18,280,315,46295.73,39472.71,6823.02,165.34,271,20,7.14,0,0.0,11.72,296,3.99,45,15.2,2026-07-05 18:52:00
2018-04-19,292,355,49872.25,43287.21,6585.04,170.8,287,12,4.1,2,0.68,11.66,324,4.04,53,16.36,2026-07-05 18:52:00
2018-04-20,196,229,32666.48,28353.84,4312.64,166.67,192,5,2.54,0,0.0,11.28,246,3.88,55,22.36,2026-07-05 18:52:00
2018-04-21,156,169,22465.89,18966.34,3499.55,144.01,154,6,3.85,0,0.0,10.39,339,3.8,76,22.42,2026-07-05 18:52:00
2018-04-22,200,233,31991.81,27350.9,4640.91,159.96,199,6,3.0,0,0.0,9.43,101,3.12,44,43.56,2026-07-05 18:52:00
2018-04-23,285,329,44363.3,37674.27,6689.03,155.66,283,14,4.91,0,0.0,10.17,7,4.14,1,14.29,2026-07-05 18:52:00
2018-04-24,271,311,49905.05,43083.77,6821.28,184.15,265,6,2.21,1,0.37,10.43,319,4.39,27,8.46,2026-07-05 18:52:00
2018-04-25,284,321,47356.47,40995.02,6361.45,166.75,279,12,4.23,1,0.35,10.61,373,4.03,69,18.5,2026-07-05 18:52:00
2018-04-26,254,294,36912.77,31631.36,5281.41,145.33,250,11,4.33,1,0.39,10.93,324,4.19,39,12.04,2026-07-05 18:52:00
2018-04-27,242,285,46763.07,40752.54,6010.53,193.24,237,13,5.37,1,0.41,11.59,311,4.02,57,18.33,2026-07-05 18:52:00
2018-04-28,169,191,26978.52,23560.56,3417.96,159.64,166,9,5.33,1,0.59,11.28,319,4.04,51,15.99,2026-07-05 18:52:00
2018-04-29,171,188,23060.95,19411.7,3649.25,134.86,168,10,5.85,1,0.58,10.69,93,3.69,23,24.73,2026-07-05 18:52:00
2018-04-30,240,285,41036.61,35682.61,5354.0,170.99,235,5,2.08,0,0.0,9.76,2,3.0,1,50.0,2026-07-05 18:52:00
2018-05-01,255,277,38441.68,33163.8,5277.88,150.75,252,9,3.52,1,0.39,9.68,366,4.17,44,12.02,2026-07-05 18:52:00
2018-05-02,295,339,44764.32,38557.72,6206.6,151.74,287,17,5.74,0,0.0,10.38,58,3.02,25,43.1,2026-07-05 18:52:00
2018-05-03,304,357,49575.72,42497.77,7077.95,163.08,300,11,3.61,0,0.0,10.33,322,4.33,24,7.45,2026-07-05 18:52:00
2018-05-04,265,309,45494.1,39730.93,5763.17,171.68,262,9,3.4,0,0.0,10.9,412,4.23,51,12.38,2026-07-05 18:52:00
2018-05-05,197,221,32608.15,28306.45,4301.7,165.52,192,11,5.58,2,1.02,10.36,351,4.24,36,10.26,2026-07-05 18:52:00
2018-05-06,210,240,32994.23,28565.97,4428.26,157.12,206,8,3.79,1,0.47,9.84,126,3.78,27,21.43,2026-07-05 18:52:00
2018-05-07,371,421,62460.21,54167.48,8292.73,168.36,363,23,6.18,2,0.54,9.69,14,4.29,1,7.14,2026-07-05 18:52:00
2018-05-08,327,378,54720.09,47800.69,6919.4,167.34,323,22,6.65,3,0.91,9.24,359,4.29,35,9.75,2026-07-05 18:52:00
2018-05-09,342,392,50968.64,43589.12,7379.52,149.03,335,27,7.85,1,0.29,10.4,347,4.26,36,10.37,2026-07-05 18:52:00
2018-05-10,279,335,58871.89,51458.67,7413.22,211.01,273,23,8.24,1,0.36,10.7,344,4.22,34,9.88,2026-07-05 18:52:00
2018-05-11,246,284,43250.01,37859.19,5390.82,175.81,244,28,11.34,0,0.0,11.28,352,4.3,39,11.08,2026-07-05 18:52:00
2018-05-12,204,239,34712.37,29604.14,5108.23,170.16,200,13,6.28,1,0.48,10.84,359,4.29,37,10.31,2026-07-05 18:52:00
2018-05-13,206,246,36202.29,31313.52,4888.77,175.74,205,13,6.28,0,0.0,9.41,100,3.91,20,20.0,2026-07-05 18:52:00
2018-05-14,364,413,62230.72,53842.38,8388.34,170.96,355,48,13.19,1,0.27,9.7,3,5.0,0,0.0,2026-07-05 18:52:00
2018-05-15,352,423,49506.02,41119.85,8386.17,140.64,348,53,15.06,1,0.28,10.18,425,4.36,34,8.0,2026-07-05 18:52:00
2018-05-16,357,406,64739.09,56283.73,8455.36,181.34,351,59,16.53,1,0.28,11.86,370,4.2,48,12.97,2026-07-05 18:52:00
2018-05-17,227,256,35966.73,31488.47,4478.26,158.44,224,42,18.42,1,0.44,13.43,365,4.13,52,14.25,2026-07-05 18:52:00
2018-05-18,236,277,36429.78,31621.52,4808.26,154.36,232,36,15.25,0,0.0,13.29,358,4.23,42,11.73,2026-07-05 18:52:00
2018-05-19,139,169,28319.73,25201.29,3118.44,203.74,137,19,13.67,1,0.72,13.35,434,4.19,56,12.9,2026-07-05 18:52:00
2018-05-20,161,192,23086.12,19586.54,3499.58,143.39,158,32,19.88,1,0.62,13.27,123,3.86,24,19.51,2026-07-05 18:52:00
2018-05-21,204,239,29665.97,25404.06,4261.91,145.42,199,28,13.59,3,1.46,13.01,16,4.38,0,0.0,2026-07-05 18:52:00
2018-05-22,199,232,32070.68,27793.91,4276.77,161.16,195,17,8.54,2,1.01,11.48,414,4.37,31,7.49,2026-07-05 18:52:00
2018-05-23,132,150,20262.29,17501.05,2761.24,153.5,132,3,2.27,0,0.0,11.23,351,4.18,41,11.68,2026-07-05 18:52:00
2018-05-24,114,130,22274.67,20073.26,2201.41,195.39,113,2,1.75,0,0.0,10.46,298,4.25,28,9.4,2026-07-05 18:52:00
2018-05-25,103,128,18137.37,15888.92,2248.45,176.09,103,1,0.96,0,0.0,11.95,225,4.25,26,11.56,2026-07-05 18:52:00
2018-05-26,99,116,16914.09,14799.17,2114.92,170.85,99,1,1.01,0,0.0,12.61,174,3.97,32,18.39,2026-07-05 18:52:00
2018-05-27,100,112,14693.68,12523.25,2170.43,146.94,100,0,0.0,0,0.0,13.07,52,3.33,17,32.69,2026-07-05 18:52:00
2018-05-28,143,170,30304.95,26877.47,3427.48,211.92,142,0,0.0,1,0.7,10.87,1,5.0,0,0.0,2026-07-05 18:52:00
2018-05-29,149,173,29430.63,25572.08,3858.55,197.52,149,0,0.0,0,0.0,10.85,105,4.3,7,6.67,2026-07-05 18:52:00
2018-05-30,140,155,22529.08,19214.0,3315.08,160.92,138,0,0.0,0,0.0,12.64,131,3.82,29,22.14,2026-07-05 18:52:00
2018-05-31,133,146,28156.52,25111.28,3045.24,211.7,132,1,0.75,0,0.0,11.08,103,3.55,27,26.21,2026-07-05 18:52:00
2018-06-01,184,211,37282.67,32298.92,4983.75,202.62,184,2,1.09,0,0.0,11.72,57,2.7,30,52.63,2026-07-05 18:52:00
2018-06-02,142,158,28939.99,25266.62,3673.37,203.8,141,1,0.7,0,0.0,11.84,172,4.24,15,8.72,2026-07-05 18:52:00
2018-06-03,191,217,32869.9,28461.66,4408.24,172.09,189,0,0.0,0,0.0,8.86,136,3.7,36,26.47,2026-07-05 18:52:00
2018-06-04,225,258,34326.4,28622.4,5704.0,152.56,222,0,0.0,0,0.0,8.83,35,4.54,2,5.71,2026-07-05 18:52:00
2018-06-05,197,240,36101.72,30709.36,5392.36,183.26,196,2,1.0,3,1.5,9.5,321,4.27,27,8.41,2026-07-05 18:52:00
2018-06-06,227,277,32176.98,26134.4,6042.58,141.75,227,3,1.32,0,0.0,10.33,349,3.94,58,16.62,2026-07-05 18:52:00
2018-06-07,223,251,42676.38,37020.4,5655.98,191.37,223,1,0.45,0,0.0,9.52,365,4.09,52,14.25,2026-07-05 18:52:00
2018-06-08,198,234,31797.2,26870.41,4926.79,160.59,195,7,3.54,0,0.0,10.78,363,3.94,63,17.36,2026-07-05 18:52:00
2018-06-09,172,192,34033.77,29325.08,4708.69,197.87,169,2,1.16,0,0.0,10.12,344,4.0,60,17.44,2026-07-05 18:52:00
2018-06-10,193,224,30288.25,25501.97,4786.28,156.93,190,4,2.07,2,1.04,8.81,110,3.35,32,29.09,2026-07-05 18:52:00
2018-06-11,294,338,57313.28,49669.7,7643.58,194.94,294,11,3.74,0,0.0,8.82,17,4.71,1,5.88,2026-07-05 18:52:00
2018-06-12,246,288,46762.43,40369.0,6393.43,190.09,244,9,3.66,0,0.0,8.4,265,4.26,26,9.81,2026-07-05 18:52:00
2018-06-13,259,305,41586.63,34616.96,6969.67,160.57,253,3,1.16,1,0.39,8.36,246,4.3,26,10.57,2026-07-05 18:52:00
2018-06-14,212,237,32707.21,27504.6,5202.61,154.28,211,4,1.89,0,0.0,8.76,249,4.16,31,12.45,2026-07-05 18:52:00
2018-06-15,186,209,31498.76,26617.56,4881.2,169.35,182,2,1.08,1,0.54,9.58,248,4.17,34,13.71,2026-07-05 18:52:00
2018-06-16,165,177,29000.08,24616.05,4384.03,175.76,162,1,0.61,0,0.0,8.93,290,4.25,30,10.34,2026-07-05 18:52:00
2018-06-17,152,175,20751.52,17316.33,3435.19,136.52,151,4,2.63,0,0.0,7.42,76,4.08,13,17.11,2026-07-05 18:52:00
2018-06-18,246,279,41023.4,34718.3,6305.1,166.76,243,2,0.81,1,0.41,7.02,7,4.29,1,14.29,2026-07-05 18:52:00
2018-06-19,231,261,40013.6,34630.33,5383.27,173.22,228,4,1.73,2,0.87,8.12,341,4.3,37,10.85,2026-07-05 18:52:00
2018-06-20,217,251,34330.27,28793.99,5536.28,158.2,216,0,0.0,1,0.46,7.99,309,4.42,21,6.8,2026-07-05 18:52:00
2018-06-21,234,264,33301.99,27703.58,5598.41,142.32,232,5,2.14,0,0.0,8.82,308,4.28,35,11.36,2026-07-05 18:52:00
2018-06-22,179,206,28753.16,24807.27,3945.89,160.63,177,1,0.56,0,0.0,8.84,328,4.36,32,9.76,2026-07-05 18:52:00
2018-06-23,151,172,21181.11,17501.92,3679.19,140.27,149,2,1.32,1,0.66,8.58,266,4.49,15,5.64,2026-07-05 18:52:00
2018-06-24,199,218,29498.58,24432.6,5065.98,148.23,198,3,1.51,1,0.5,7.05,73,4.25,8,10.96,2026-07-05 18:52:00
2018-06-25,240,281,41879.92,36135.52,5744.4,174.5,238,3,1.24,1,0.41,6.8,13,4.46,1,7.69,2026-07-05 18:52:00
2018-06-26,242,292,37616.54,30957.57,6658.97,155.44,238,0,0.0,2,0.82,7.74,308,4.39,22,7.14,2026-07-05 18:52:00
2018-06-27,214,243,32505.93,26496.48,6009.45,151.9,214,2,0.93,0,0.0,8.42,281,4.26,35,12.46,2026-07-05 18:52:00
2018-06-28,243,284,38739.05,32171.97,6567.08,159.42,239,3,1.23,1,0.41,8.15,217,4.32,22,10.14,2026-07-05 18:52:00
2018-06-29,174,197,25098.69,20473.48,4625.21,144.25,171,2,1.15,1,0.57,8.81,311,4.39,27,8.68,2026-07-05 18:52:00
2018-06-30,124,139,18621.7,15379.88,3241.82,150.18,123,0,0.0,0,0.0,8.43,310,4.26,31,10.0,2026-07-05 18:52:00
2018-07-01,161,186,29060.7,24369.47,4691.23,180.5,159,0,0.0,0,0.0,7.17,101,4.07,13,12.87,2026-07-05 18:52:00
2018-07-02,195,217,29422.43,23158.62,6263.81,150.88,193,1,0.51,2,1.03,6.96,9,4.67,0,0.0,2026-07-05 18:52:00
2018-07-03,216,239,31454.6,26307.31,5147.29,145.62,214,5,2.31,1,0.46,7.66,305,4.46,18,5.9,2026-07-05 18:52:00
2018-07-04,256,290,41579.8,35651.65,5928.15,162.42,251,3,1.17,2,0.78,7.08,291,4.25,32,11.0,2026-07-05 18:52:00
2018-07-05,195,221,33949.48,28809.33,5140.15,174.1,193,5,2.56,1,0.51,8.79,268,4.33,27,10.07,2026-07-05 18:52:00
2018-07-06,121,130,22108.67,19005.54,3103.13,182.72,120,2,1.65,0,0.0,9.32,241,4.31,27,11.2,2026-07-05 18:52:00
2018-07-07,91,101,11277.24,9076.56,2200.68,123.93,89,0,0.0,0,0.0,8.69,258,4.27,30,11.63,2026-07-05 18:52:00
2018-07-08,122,147,17554.74,14410.79,3143.95,143.89,118,3,2.46,2,1.64,9.78,74,4.26,6,8.11,2026-07-05 18:52:00
2018-07-09,148,158,23122.17,19564.85,3557.32,156.23,146,8,5.41,0,0.0,9.17,8,4.0,1,12.5,2026-07-05 18:52:00
2018-07-10,132,151,22246.77,18724.57,3522.2,168.54,129,8,5.97,0,0.0,9.0,204,4.26,21,10.29,2026-07-05 18:52:00
2018-07-11,127,145,22140.62,18519.98,3620.64,174.34,123,10,7.87,1,0.79,11.5,310,4.31,25,8.06,2026-07-05 18:52:00
2018-07-12,121,128,32569.71,28891.77,3677.94,269.17,117,13,10.48,3,2.42,12.0,301,4.44,23,7.64,2026-07-05 18:52:00
2018-07-13,167,190,32529.4,27644.23,4885.17,194.79,167,4,2.38,0,0.0,11.76,260,4.3,24,9.23,2026-07-05 18:52:00
2018-07-14,148,160,26427.02,22257.69,4169.33,178.56,142,8,5.41,2,1.35,11.28,321,4.3,31,9.66,2026-07-05 18:52:00
2018-07-15,152,167,34489.4,30037.49,4451.91,226.9,148,8,5.26,1,0.66,10.88,87,4.09,15,17.24,2026-07-05 18:52:00
2018-07-16,245,264,37778.13,31308.29,6469.84,154.2,238,16,6.53,2,0.82,9.0,5,4.4,0,0.0,2026-07-05 18:52:00
2018-07-17,221,244,35758.41,30421.48,5336.93,161.8,216,14,6.33,2,0.9,9.15,55,4.31,4,7.27,2026-07-05 18:52:00
2018-07-18,305,340,48984.15,41193.49,7790.66,160.6,302,9,2.93,1,0.33,8.33,6,3.67,2,33.33,2026-07-05 18:52:00
2018-07-19,253,287,44911.24,38705.58,6205.66,177.51,249,5,1.98,0,0.0,8.61,8,2.0,5,62.5,2026-07-05 18:52:00
2018-07-20,249,287,38061.85,32031.44,6030.41,152.86,247,10,4.0,2,0.8,8.91,9,2.67,5,55.56,2026-07-05 18:52:00
2018-07-21,187,208,25502.08,21113.58,4388.5,136.37,184,5,2.67,2,1.07,8.59,214,4.31,23,10.75,2026-07-05 18:52:00
2018-07-22,215,243,32962.26,27753.42,5208.84,153.31,213,6,2.79,1,0.47,7.4,79,4.2,13,16.46,2026-07-05 18:52:00
2018-07-23,305,347,47975.62,39911.22,8064.4,157.3,298,18,5.86,1,0.33,7.69,1,5.0,0,0.0,2026-07-05 18:52:00
2018-07-24,270,303,48083.44,41525.76,6557.68,178.09,264,9,3.32,0,0.0,7.54,361,4.46,22,6.09,2026-07-05 18:52:00
2018-07-25,268,327,47912.59,40417.5,7495.09,178.78,264,8,2.99,1,0.37,8.05,372,4.3,32,8.6,2026-07-05 18:52:00
2018-07-26,247,286,41784.72,35292.72,6492.0,169.17,244,7,2.83,2,0.81,7.79,338,4.13,44,13.02,2026-07-05 18:52:00
2018-07-27,189,216,33331.13,28371.75,4959.38,176.36,186,5,2.65,0,0.0,8.83,335,4.24,41,12.24,2026-07-05 18:52:00
2018-07-28,175,210,30065.12,25210.12,4855.0,171.8,172,3,1.7,0,0.0,8.28,327,4.18,45,13.76,2026-07-05 18:52:00
2018-07-29,188,211,36468.28,31434.08,5034.2,193.98,182,13,6.91,4,2.13,7.1,94,4.04,17,18.09,2026-07-05 18:52:00
2018-07-30,284,312,45814.02,39070.66,6743.36,161.32,278,34,11.81,4,1.39,7.63,1,4.0,0,0.0,2026-07-05 18:52:00
2018-07-31,320,377,53402.24,45316.28,8085.96,166.88,313,36,11.18,4,1.24,7.37,391,4.38,37,9.46,2026-07-05 18:52:00
2018-08-01,310,347,48431.03,40553.8,7877.23,156.23,306,40,12.86,2,0.64,8.47,388,4.36,41,10.57,2026-07-05 18:52:00
2018-08-02,299,336,45625.66,38462.26,7163.4,152.59,292,45,14.9,2,0.66,8.83,319,4.16,41,12.85,2026-07-05 18:52:00
2018-08-03,314,347,49517.58,42075.18,7442.4,157.7,308,47,14.97,2,0.64,9.19,298,4.22,35,11.74,2026-07-05 18:52:00
2018-08-04,245,274,41227.8,35511.96,5715.84,168.28,236,26,10.61,3,1.22,8.58,326,4.24,39,11.96,2026-07-05 18:52:00
2018-08-05,276,312,42272.07,35583.76,6688.31,153.16,269,48,17.39,2,0.72,7.46,100,3.95,19,19.0,2026-07-05 18:52:00
2018-08-06,372,430,65860.42,56427.39,9433.03,177.04,363,72,19.35,4,1.08,8.05,8,4.25,1,12.5,2026-07-05 18:52:00
2018-08-07,366,431,58294.38,49178.98,9115.4,159.27,353,63,17.03,9,2.43,7.85,341,4.33,28,8.21,2026-07-05 18:52:00
2018-08-08,315,360,51360.5,43333.07,8027.43,163.05,310,35,11.08,2,0.63,7.8,376,4.26,42,11.17,2026-07-05 18:52:00
2018-08-09,283,322,46734.86,40040.28,6694.58,165.14,280,30,10.38,6,2.08,8.1,326,4.2,43,13.19,2026-07-05 18:52:00
2018-08-10,253,268,39585.29,33424.73,6160.56,156.46,249,26,10.16,3,1.17,8.97,344,4.17,45,13.08,2026-07-05 18:52:00
2018-08-11,186,216,30565.73,25960.93,4604.8,164.33,185,8,4.26,0,0.0,8.15,369,4.18,51,13.82,2026-07-05 18:52:00
2018-08-12,197,227,36739.75,31524.21,5215.54,186.5,191,9,4.57,0,0.0,7.31,142,3.48,44,30.99,2026-07-05 18:52:00
2018-08-13,288,321,45876.91,38613.13,7263.78,159.29,284,19,6.51,5,1.71,7.11,1,5.0,0,0.0,2026-07-05 18:52:00
2018-08-14,315,342,51471.37,44192.84,7278.53,163.4,311,35,11.08,4,1.27,7.34,423,4.29,42,9.93,2026-07-05 18:52:00
2018-08-15,285,317,52358.65,45574.04,6784.61,183.71,282,24,8.33,5,1.74,7.26,395,4.05,65,16.46,2026-07-05 18:52:00
2018-08-16,318,353,42217.31,35670.61,6546.7,132.76,316,28,8.75,4,1.25,7.34,360,4.22,41,11.39,2026-07-05 18:52:00
2018-08-17,255,289,37638.99,31730.67,5908.32,147.6,249,11,4.28,3,1.17,7.54,371,4.25,36,9.7,2026-07-05 18:52:00
2018-08-18,196,206,28698.1,24340.95,4357.15,146.42,193,5,2.53,2,1.01,7.05,387,4.19,49,12.66,2026-07-05 18:52:00
2018-08-19,204,226,29966.5,25487.39,4479.11,146.89,204,11,5.39,0,0.0,6.37,108,3.53,32,29.63,2026-07-05 18:52:00
2018-08-20,252,283,39851.87,34479.5,5372.37,158.14,251,25,9.77,4,1.56,5.48,1,4.0,0,0.0,2026-07-05 18:52:00
2018-08-21,239,258,30830.69,26323.06,4507.63,129.0,238,17,7.0,3,1.23,5.23,391,4.35,32,8.18,2026-07-05 18:52:00
2018-08-22,186,216,24262.61,20297.13,3965.48,130.44,185,11,5.88,1,0.53,5.41,387,4.26,46,11.89,2026-07-05 18:52:00
2018-08-23,142,161,19540.56,17030.87,2509.69,137.61,142,7,4.86,2,1.39,5.18,346,4.15,49,14.16,2026-07-05 18:52:00
2018-08-24,98,117,11313.39,9633.61,1679.78,115.44,96,9,9.09,2,2.02,4.92,382,4.17,52,13.61,2026-07-05 18:52:00
2018-08-25,69,75,11737.76,10599.41,1138.35,170.11,69,1,1.45,0,0.0,3.88,383,4.21,43,11.23,2026-07-05 18:52:00
2018-08-26,73,82,9333.16,8070.71,1262.45,127.85,73,1,1.37,0,0.0,2.95,113,3.74,27,23.89,2026-07-05 18:52:00
2018-08-27,66,71,6111.61,5345.91,765.7,92.6,66,6,8.96,1,1.49,2.09,7,4.0,1,14.29,2026-07-05 18:52:00
2018-08-28,39,45,4121.22,3673.91,447.31,105.67,39,1,2.27,5,11.36,1.51,452,4.4,32,7.08,2026-07-05 18:52:00
2018-08-29,11,16,1762.7,1546.04,216.66,160.25,11,0,0.0,3,21.43,1.0,390,4.27,41,10.51,2026-07-05 18:52:00
2018-09-03,1,1,166.46,145.0,21.46,166.46,0,0,0.0,3,75.0,,0,,0,0.0,2026-07-05 18:52:00
