seller_id,seller_city,seller_state,total_orders,total_items_sold,total_revenue,avg_item_value,late_delivery_items,late_delivery_rate,avg_review_score,seller_risk_level
80ceebb4ee9b31afb6c6a916a574a1e2,londrina,PR,1,1,6922.21,6922.21,1,100.0,,high
c7b7db6c8f3c64a7cc1afa634db21d50,sao paulo,SP,1,1,1511.86,1511.86,1,100.0,1.0,high
04843805947f0fc584fc1969b6e50fe7,ivoti,RS,1,2,1474.76,737.38,2,100.0,5.0,high
8e670472e453ba34a379331513d6aab1,juiz de fora,MG,1,1,1083.96,1083.96,1,100.0,1.0,high
6524b847b982cd56bb5d4b02b776ee42,campinas,SP,1,2,834.94,417.47,2,100.0,4.0,high
1b4b28463457a256e9a784ebe2a8f630,piracicaba,SP,1,1,715.34,715.34,1,100.0,1.0,high
685b870da5b52a710782c9c0fefbeb5b,sao bernardo do campo,SP,2,2,670.98,335.49,2,100.0,2.0,high
f524ad65d7e0f1daab730ef2d2e86196,soledade,RS,1,2,609.5,304.75,2,100.0,1.0,high
c13ef0cfbe42f190780f621ce81f2234,sao paulo sp,SP,1,1,451.28,451.28,1,100.0,3.0,high
2a73cba571d90c694b7caca072ccf6ce,sao caetano do sul,SP,1,2,381.48,190.74,2,100.0,5.0,high
c611f4ce9ce875bcc063fa97fd4d7d12,atibaia,SP,1,1,332.25,332.25,1,100.0,4.0,high
13d95f0f6f73943d4ceffad0fc2cd32c,goiania,GO,1,1,309.32,309.32,1,100.0,3.0,high
984c273121e743dd14767befe6cb17f5,americana,SP,1,1,280.91,280.91,1,100.0,1.0,high
2a50b7ee5aebecc6fd0ff9784a4747d6,brasilia,DF,1,2,264.24,132.12,2,100.0,1.0,high
efb628aa07c8ca93d7db0d85b91a4f5a,nova iguacu,RJ,1,1,262.1,262.1,1,100.0,4.0,high
d1a5cc844736958c11b8efab9a2b4c87,curitiba,PR,1,1,254.01,254.01,1,100.0,1.0,high
edf3fabebcc20f7463cc9c53da932ea8,sao paulo,SP,1,1,244.02,244.02,1,100.0,4.0,high
586a871d4f1221763fddb6ceefdeb95e,porto alegre,RS,1,2,239.48,119.74,2,100.0,1.0,high
9da15f4a4ea758d9eeb49000dbe57e22,osasco,SP,1,1,234.61,234.61,1,100.0,2.0,high
d8dd176509baa37f359644d082bf7f7b,sao caetano do sul,SP,2,2,229.9,114.95,2,100.0,1.5,high
19484c79cef6c062cb177aa4ef2fcc3c,valinhos,SP,1,1,212.06,212.06,1,100.0,1.0,high
51a04a8a6bdcb23deccc82b0b80742cf,braganca paulista,SP,1,1,199.92,199.92,1,100.0,1.0,high
9c57bc60cfad5ee62d35d3f1ce4593a1,curitiba,PR,1,1,195.43,195.43,1,100.0,1.0,high
05ca864204d09595ae591b93ea9cf93d,barueri,SP,1,1,188.42,188.42,1,100.0,5.0,high
be1e9e378700cecaa4ebf71433d7915c,ribeirao preto,SP,2,2,157.51,78.76,2,100.0,3.0,high
781a66c0d89e30814d49fe8b5e14cd07,campinas,SP,1,1,136.3,136.3,1,100.0,1.0,high
d1aa1ec0839dcab73a6161130eb1f94a,curitiba,PR,1,1,136.04,136.04,1,100.0,4.0,high
9bf11dfc0bec77e5a23028043c3c5a8f,contagem,MG,1,1,132.06,132.06,1,100.0,1.0,high
271b8923c6a549e02d3c9fd1f8c0422b,praia grande,SP,1,1,118.59,118.59,1,100.0,4.0,high
154bdf805377afea75a3bd158e9eab10,ibitinga,SP,1,1,109.72,109.72,1,100.0,1.0,high
6d04126aba80df143fd038e711b8fd96,rio de janeiro,RJ,1,1,108.86,108.86,1,100.0,1.0,high
da2782c804606d2a5d8e1760dbb3e7ec,sao paulo,SP,1,1,103.37,103.37,1,100.0,1.0,high
ca5832c6960267b71041f74bb39e8b12,xanxere,SC,1,1,97.71,97.71,1,100.0,1.0,high
3da38366e7bd9baf6369071f782ecdf0,fortaleza,CE,1,1,86.43,86.43,1,100.0,1.0,high
9ef932e837d8b7f392c0bfee9d359dc2,ibitinga,SP,1,1,79.56,79.56,1,100.0,3.0,high
7c462184585ae80bd6e5774c62ce50f2,campinas,SP,1,2,77.64,38.82,2,100.0,3.0,high
9ac75591b69c3402684b6ce0310f22ee,sao paulo,SP,1,1,69.67,69.67,1,100.0,5.0,high
ebe3dabc4955c9b0d695e7bda38bf5c3,ribeirao preto,SP,1,1,66.89,66.89,1,100.0,3.0,high
63704069d9bd3a75c1cf59babe56004a,jundiai,SP,1,1,66.69,66.69,1,100.0,1.0,high
8629a7efec1aab257e58cda559f03ba7,goiania,GO,1,1,64.11,64.11,1,100.0,1.0,high
535bf14f36346c7f59d87cece104d70c,rio de janeiro,RJ,1,1,57.77,57.77,1,100.0,4.0,high
df683dfda87bf71ac3fc63063fba369d,farroupilha,RS,1,1,55.95,55.95,1,100.0,1.0,high
1f2eebc0e970fd3c463e4f5d9652687a,sao paulo,SP,1,1,53.47,53.47,1,100.0,5.0,high
bcd2d7510d58e293f20fad6438c1b314,curitiba,PR,1,1,39.46,39.46,1,100.0,,high
bc8c8d665ec4664d286be0d521722b19,sao paulo,SP,1,1,30.82,30.82,1,100.0,2.0,high
20f0aeea30bc3b8c4420be8ced4226c0,santa barbara d'oeste,SP,1,1,29.42,29.42,1,100.0,,high
344223b2a90784f64136a8a5da012e7f,gaspar,SC,1,1,27.69,27.69,1,100.0,2.0,high
8d92f3ea807b89465643c219455e7369,sao paulo,SP,3,8,252.77,31.6,7,87.5,1.0,high
ec8463980a4e0ea9f8517aea1ed0c419,florianopolis,SC,2,8,357.96,44.75,6,75.0,5.0,high
08cdbae123ff67ca4e36d9d641ce0119,uba,MG,4,7,4676.05,668.01,5,71.43,2.43,high
327b89b872c14d1c0be7235ef4871685,manaus,AM,3,3,1258.8,419.6,2,66.67,2.33,high
633ecdf879b94b5337cca303328e4a25,sao paulo,SP,6,6,1125.49,187.58,4,66.67,1.8,high
a435b009cd956ea60748b5cfbddf2e24,franca,SP,3,3,406.39,135.46,2,66.67,4.33,high
bcc9dd23e2a8bd8267cf92b19304a1b9,ibitinga,SP,3,3,246.22,82.07,2,66.67,2.33,high
e5bd51692380fd8cabb19b756b95e714,santo andre,SP,3,3,153.04,51.01,2,66.67,2.33,high
324583d68897f5ddbaf38f6248322176,sao jose do rio preto,SP,2,3,127.99,42.66,2,66.67,1.0,high
427165bf50f8ca07efc7bdc2bfcf1688,americana,SP,5,5,1692.9,338.58,3,60.0,3.2,high
8d899e15a5925f097cca50faa49b15e3,sao roque,SP,4,10,795.98,79.6,6,60.0,2.5,high
8fec2e460530482132c436cfb5439925,laranjal paulista,SP,3,5,548.61,109.72,3,60.0,3.8,high
fcf16b7a8697e559f0123190bb30177d,sao paulo,SP,3,7,1552.57,221.8,4,57.14,3.14,high
b1b3948701c5c72445495bd161b83a4c,sao paulo,SP,18,18,25185.49,1399.19,9,50.0,1.72,high
961dff0a659b4561334372337dd897d9,rio de janeiro,RJ,4,4,10082.56,2520.64,2,50.0,3.75,high
0873d9f8f36123f8d910f4760e788cfb,barueri,SP,6,6,7426.65,1237.78,3,50.0,3.17,high
c004e5ea15737026cecaee0447e00b75,sao paulo,SP,2,2,4874.32,2437.16,1,50.0,1.0,high
8c3b533c63cca56240f94f1e3a6b18ef,belo horizonte,MG,5,8,4301.77,537.72,4,50.0,1.33,high
dd4d95ba2d15c071e6c695e2ef6ce169,cachoeiro de itapemirim,ES,4,4,1962.41,490.6,2,50.0,4.25,high
5b97c06a046398e7005b2b7c0d707a92,joao pinheiro,MG,4,4,1769.59,442.4,2,50.0,3.25,high
17eea220a40cc0d2c0c5346379682398,sao paulo,SP,4,4,1512.99,378.25,2,50.0,3.75,high
700f03c207639c22d933381ff60b35c2,barretos,SP,4,4,1326.31,331.58,2,50.0,4.0,high
a20d8058c866dbaeca014d2cd20ac62e,sao jose dos campos,SP,2,2,1238.9,619.45,1,50.0,5.0,high
528bcf6680c36dddf07620bd35b33a6f,sao paulo,SP,2,2,1013.84,506.92,1,50.0,4.5,high
c8025364abeecb115431bf95c11a747f,porto alegre,RS,2,2,971.28,485.64,1,50.0,4.5,high
0d83f8e03188682112cc0d93523705cc,porto alegre,RS,4,8,820.57,102.57,4,50.0,2.75,high
8e29d051f810eb22959ede205b462b9f,mirassol,SP,2,2,813.28,406.64,1,50.0,4.0,high
1352e06ae67b410cdae0b2a22361167b,rio de janeiro,RJ,4,4,765.22,191.31,2,50.0,2.33,high
791cfcfe22fe4a771ece27f90017da92,ribeirao preto,SP,2,2,653.75,326.88,1,50.0,1.5,high
70125af26c2d6d4ef401a1d02ae7701f,goiania,GO,5,8,629.62,78.7,4,50.0,4.63,high
6219ba2359cfb97f2e38fd4c321eb309,sao paulo,SP,6,6,590.55,98.43,3,50.0,3.4,high
038b75b729c8a9a04b0d07cba7eabe86,sao jose dos campos,SP,2,2,557.85,278.93,1,50.0,3.5,high
5275ca25d0358ca73864e0ae41be1320,guarulhos,SP,4,4,478.82,119.71,2,50.0,4.75,high
a11a0e0ca67423425691db355cff69b0,indaiatuba,SP,2,2,476.98,238.49,1,50.0,5.0,high
4e42581f08e8cfc7c090f930bac4552a,portoferreira,SP,3,4,453.8,113.45,2,50.0,1.0,high
12a8eb0f8d1cd3270695bf2a99f55966,sao paulo,SP,2,2,436.67,218.34,1,50.0,3.5,high
4e85b538b0dad58852641540686d0e14,sao jose dos campos,SP,4,4,436.34,109.09,2,50.0,3.75,high
559d56f3b8f0bc2e5a9a62fe2ce2a39f,joinville,SC,2,2,433.72,216.86,1,50.0,2.5,high
f7315bb81aea4ddca2d39e249a801c98,guarulhos,SP,2,2,430.08,215.04,1,50.0,4.5,high
12c2ed9cded6138cf0c75f525f565fc7,praia grande,SP,4,4,366.01,91.5,2,50.0,4.25,high
5ca5d579b5857ee8709479b1047cecc3,sao paulo,SP,2,2,363.88,181.94,1,50.0,1.0,high
f682e0f848abafc6f41e0d4e868c66ef,mairipora,SP,2,2,304.0,152.0,1,50.0,3.5,high
fb8904a8ea99f8831b64ce27db2c1765,sao caetano do sul,SP,2,2,302.36,151.18,1,50.0,4.5,high
85ecf03781da592876b7844acc1b729f,sao paulo,SP,2,2,294.9,147.45,1,50.0,4.5,high
8ccf3cf69651cc1d8a02c8bfaf3b8568,rio claro,SP,2,2,288.63,144.32,1,50.0,3.5,high
05e107217c7266362fd44b75b2cd4cc4,sao paulo - sp,SP,5,8,275.39,34.42,4,50.0,4.13,high
7d484ca289afaac6bf5fc6a1e96d2226,campo grande,MS,2,2,248.42,124.21,1,50.0,4.0,high
5659d77e8d90378e39b960ad5956f64e,taubate,SP,2,2,213.13,106.57,1,50.0,2.5,high
9dd459b29a14bf89d47183cf2cd0e4c7,sao paulo,SP,2,2,198.82,99.41,1,50.0,5.0,high
a154d7316f158bb42e6fa18bbe3afd3a,sao paulo,SP,2,2,190.13,95.07,1,50.0,3.0,high
0daf5180aa44356f60f8effa533b55a2,goiania,GO,2,2,183.63,91.82,1,50.0,5.0,high
8e4f041ff58e7845456d3482524014b3,porto alegre,RS,2,2,182.39,91.2,1,50.0,3.0,high
553a440137d6e0cf776aee0bb83ac9f5,limeira,SP,2,2,175.14,87.57,1,50.0,1.0,high
7c4adcc13272c0e26fa23aac642adb7b,sao goncalo,RJ,2,2,165.63,82.82,1,50.0,3.0,high
391bbd13b6452244774beff1824006ed,campinas,SP,2,2,163.2,81.6,1,50.0,1.0,high
ab91571efab27993ff2f6b36e38055c3,sao paulo,SP,3,4,158.93,39.73,2,50.0,4.75,high
e88165a185134e13fdfc85d4fa654db8,ferraz de  vasconcelos,SP,2,2,149.22,74.61,1,50.0,3.0,high
d8d9567d0bfb0bc7eb845a205ba42657,sao paulo,SP,4,4,134.31,33.58,2,50.0,3.5,high
253c025bab43881055aeecde5e2d8b77,curitiba,PR,2,2,124.33,62.17,1,50.0,4.5,high
05aebce0b5c8f0d41b29b686f2d05fd3,sao paulo,SP,2,2,120.88,60.44,1,50.0,5.0,high
e4f121bf6ef8b9a1d4d3e65dd0473fab,sao jose do rio preto,SP,2,2,106.46,53.23,1,50.0,3.0,high
9b1f656ca3060f8af17a50d8a024b533,santos,SP,2,2,88.68,44.34,1,50.0,5.0,high
20d53aad4fe5ee93a64f8839609d3586,santa rita do sapucai,MG,2,2,86.44,43.22,1,50.0,2.5,high
26f6b7ab07be3e9e69ce82a6552efc19,rio de janeiro,RJ,2,2,80.75,40.38,1,50.0,3.0,high
2709af9587499e95e803a6498a5a56e9,sao paulo,SP,26,47,1859.02,39.55,23,48.94,2.57,high
fce62094ffe6a4009188ec44e681dfdd,sao paulo,SP,4,11,3452.63,313.88,5,45.45,3.18,high
c42fd8e4d47dfb18ce5222f2dd7752f9,osasco,SP,7,11,628.63,57.15,5,45.45,4.0,high
95b293867b5862941c9cd74f756a3c68,sao paulo,SP,9,9,746.22,82.91,4,44.44,3.56,high
538caafddff204241cecbf3a02e6b3cf,sao paulo,SP,9,9,246.49,27.39,4,44.44,2.56,high
c37b2059d4f90d4feead554e5246565e,sao paulo,SP,12,16,1061.28,66.33,7,43.75,3.75,high
30c7f28fd3a5897b2c82d152bb760c17,niteroi,RJ,7,7,2503.16,357.59,3,42.86,1.67,high
6cf476a4ca74498db55cbccdaa9dcfb6,sao paulo,SP,6,7,1125.5,160.79,3,42.86,2.71,high
ce20a2ec1514c25e16f2b5b39bc818f0,sao paulo,SP,4,7,496.03,70.86,3,42.86,4.86,high
38e6dada03429a47197d5d584d793b41,sao paulo,SP,7,12,803.05,66.92,5,41.67,3.33,high
397c4d0c005b6f41f90098ac724e28cb,santo andre,SP,5,5,8622.37,1724.47,2,40.0,4.4,high
3e8bd881d92466e63ba9e3e809cd3c50,rio de janeiro,RJ,9,10,2450.25,245.03,4,40.0,4.22,high
f9d010e39375d9c91dce3f40b73a2f84,lorena,SP,4,5,1350.14,270.03,2,40.0,3.0,high
4deebb3199eeafb282ae33229144f94b,sao paulo,SP,4,5,921.49,184.3,2,40.0,3.4,high
02d35243ea2e497335cd0f076b45675d,natal,RN,14,16,6399.95,400.0,6,37.5,2.69,high
f76a3b1349b6df1ee875d1f3fa4340f0,sao paulo,SP,24,24,4748.98,197.87,9,37.5,3.46,high
4c61e37f664c3c88aff092aa5ac779d7,niteroi,RJ,7,8,908.17,113.52,3,37.5,4.0,high
5acd070dd3fe441bbb2ec1f1ede515ee,jundiai,SP,7,8,886.37,110.8,3,37.5,2.75,high
ec2e006556300a79a5a91e4876ab3a56,sao paulo,SP,4,8,191.24,23.91,3,37.5,1.38,high
02dcd3e8e25bee036e32512bcf175493,contagem,MG,14,19,1986.65,104.56,7,36.84,3.32,high
13fa2a6c6b9d0f43cb588d7c82117a12,sao paulo,SP,9,11,5196.41,472.4,4,36.36,4.09,high
312ba1d77e9c332ef21f9598b7f64cd7,guarulhos,SP,9,11,951.39,86.49,4,36.36,2.91,high
c990d6cf976a5718aaedc539f383ab88,paulinia,SP,10,11,341.99,31.09,4,36.36,3.18,high
26e2c91ef821e1ff8985f408788fe35b,ibitinga,SP,12,14,1923.87,137.42,5,35.71,3.0,high
cb41bfbcbda0aea354a834ab222f9a59,sao paulo,SP,12,12,4888.68,407.39,4,33.33,3.33,high
f6122bc84774df1b372bdb3bb88ddb9f,barueri,SP,3,3,4874.36,1624.79,1,33.33,3.67,high
1d0997ff06b524ce9289ffd75114ecd3,recife,PE,3,3,3873.57,1291.19,1,33.33,3.67,high
244b04680fdbded0acf5aebd9c92b44a,jundiai,SP,3,3,3616.51,1205.5,1,33.33,1.0,high
5b35136197710e16ac5e7b7c2bd4ea85,rio de janeiro,RJ,7,9,3350.29,372.25,3,33.33,2.56,high
d3dcf0604eabf0224fbd5948b5e02f69,sao paulo,SP,9,9,3067.41,340.82,3,33.33,3.89,high
e64d65bc8dbec2accda90c58de5d1246,rio claro,SP,12,12,1899.96,158.33,4,33.33,3.08,high
44f091b5abab8018f682fce8124b85e5,sao paulo,SP,6,6,1787.71,297.95,2,33.33,2.5,high
714b9a1332840f257b49f476bea4e341,monte alto,SP,6,6,1658.09,276.35,2,33.33,3.33,high
47648caee88ccfe951fbb27fbf7b4cbe,diadema,SP,3,3,1632.99,544.33,1,33.33,3.67,high
9da1ca0bef29ee170e541927a5aeabdc,votuporanga,SP,6,6,1612.03,268.67,2,33.33,3.0,high
973f21788dfab357250f69a8dcb7ddee,claudio,MG,10,21,1445.65,68.84,7,33.33,2.33,high
f5fea3ffed6c2e889bab72705557c63a,rio de janeiro,RJ,3,3,1328.18,442.73,1,33.33,3.67,high
4fb41dff7c50136976d1a5cf004a42e2,feira de santana,BA,3,3,1296.77,432.26,1,33.33,4.0,high
2379bdc3888025689a9deb7b141507d5,mogi mirim,SP,9,9,1125.61,125.07,3,33.33,4.33,high
a67780aba9dd436e7ac0aa1f889e73ec,presidente prudente,SP,6,6,1041.04,173.51,2,33.33,3.67,high
9e9b539eb2806acee3f5c28085c1db9f,contagem,MG,3,3,1039.47,346.49,1,33.33,3.67,high
8a40ae794fa3f9892cee24bd5af0488b,curitiba,PR,6,6,946.26,157.71,2,33.33,3.17,high
1099a00e0ee3a50935e6c2447ca090c5,rio de janeiro,RJ,3,3,910.83,303.61,1,33.33,3.67,high
52956b80ae65fda598f06f6b9943e7a9,maringa,PR,3,3,858.85,286.28,1,33.33,4.0,high
2ba91c7ad80ff88b23b7db823b43c233,itu,SP,6,6,840.33,140.06,2,33.33,3.83,high
b0b346d3a89f5eb4c2968af3f083cd43,campinas,SP,11,12,826.6,68.88,4,33.33,3.08,high
191d55f7edb8524d525ed01b20fe32e8,brasilia,DF,3,3,812.8,270.93,1,33.33,2.33,high
8759e7aedd644f487315e5860962f162,santo andre,SP,3,3,793.34,264.45,1,33.33,3.67,high
3d3ccf2b2f8134b10dce9dd446f0e075,ibitinga,SP,3,3,750.53,250.18,1,33.33,3.33,high
8a207b6080964f3c1fc9d35bd6096ba4,jaci,SP,2,3,730.04,243.35,1,33.33,5.0,high
b87a7ea0c30fad2dd6781b74a0064859,sao paulo,SP,9,9,637.75,70.86,3,33.33,3.44,high
eb9cd5b35d95206585e2185318cb5c61,sao paulo,SP,2,3,611.55,203.85,1,33.33,2.33,high
35857757f553273b1056c1cabdace7fb,ribeirao preto,SP,6,6,573.34,95.56,2,33.33,4.0,high
5e49e3a44bdeb5aab2684258bbd4f525,balenario camboriu,SC,3,3,559.77,186.59,1,33.33,4.67,high
4b98b0428fc1932cc2514ef9ce2505e6,taboao da serra,SP,2,3,519.53,173.18,1,33.33,2.33,high
042573af89b6d931f672efaf789d8358,sorocaba,SP,3,3,478.57,159.52,1,33.33,3.67,high
b56828a9f9027f3c918c04ca720d9e3c,praia grande,SP,3,3,471.61,157.2,1,33.33,2.67,high
62760d278921b5f352461620d68a9cee,salto,SP,3,3,450.1,150.03,1,33.33,3.67,high
03bd479e1d9484cdb14104d3023f7321,uberlandia,MG,3,3,417.42,139.14,1,33.33,4.33,high
48bad451945f5227341793478d6353ea,sao paulo,SP,3,3,384.49,128.16,1,33.33,4.0,high
32f1bb9dfa65bc7df5c0d9d95a616be4,sao paulo,SP,5,6,332.17,55.36,2,33.33,3.4,high
aa762680c40618316a896838866140ea,curitiba,PR,3,3,323.46,107.82,1,33.33,3.33,high
9539213aa8e023c01937bef95dc006da,sao paulo,SP,9,9,319.04,35.45,3,33.33,4.56,high
31be790e64fc99f8ff48ec2bd18a3104,sao bernardo do campo,SP,6,6,313.68,52.28,2,33.33,4.33,high
ebef8d8c92b4fd3226e5d407bbff21ac,ribeirao preto,SP,3,3,302.06,100.69,1,33.33,2.67,high
92c8bc6e8f925792247656fed09aad65,sao paulo,SP,3,3,299.57,99.86,1,33.33,2.33,high
88ae906ea2acf6971f26c3e8b7cb4357,sao paulo,SP,3,3,288.01,96.0,1,33.33,3.33,high
269c5fc9fcadee614364c3620c30a1f9,guarulhos,SP,3,6,254.72,42.45,2,33.33,5.0,high
3442f8959a84dea7ee197c632cb2df15,campinas,SP,3,3,246.6,82.2,1,33.33,3.0,high
3d700782d7818f2c1e0d7a9e9d75fc00,sertanopolis,SP,3,3,235.11,78.37,1,33.33,3.67,high
8fbe2ee446b97e128471be4ce983dc0d,sorocaba,SP,3,3,188.5,62.83,1,33.33,3.0,high
578fa3a9cb6b6dceab39231ad59cdaca,fortaleza,CE,3,3,187.2,62.4,1,33.33,3.67,high
e82de6494d91d3c4c54450f59b227a94,ibitinga,SP,3,3,157.7,52.57,1,33.33,5.0,high
13dd308f81fea30cc670c656b2b46cc3,santa barbara d'oeste,SP,3,3,151.14,50.38,1,33.33,5.0,high
0dfbed20065e425d2eaefb101f9816c0,porto ferreira,SP,3,3,133.6,44.53,1,33.33,2.67,high
60da8bfa7eebe230b7d66ac4082d79b3,fernando prestes,SP,3,3,125.27,41.76,1,33.33,4.33,high
b8d890108a7a80e4f5d59eea9f362438,curitiba,PR,2,3,124.29,41.43,1,33.33,3.33,high
c1d1ebb4745cc43cb6f05e9c8a705c9a,sao paulo,SP,3,3,77.17,25.72,1,33.33,2.33,high
ede0c03645598cdfc63ca8237acbe73d,ribeirao preto,SP,46,50,3269.87,65.4,16,32.0,3.62,high
821fb029fc6e495ca4f08a35d51e53a5,sao paulo,SP,28,29,20740.25,715.18,9,31.03,3.43,high
0417b067eeab773d2f7061a726dc477f,sao bento do sul,SC,13,13,2501.75,192.44,4,30.77,3.92,high
5b581417df4480f632484ba681e53944,florianopolis,SC,12,13,2376.3,182.79,4,30.77,3.31,high
d9e7e7778b32987280a6f2cb9a39c57d,sao paulo,SP,11,13,986.39,75.88,4,30.77,3.15,high
7210cd29727d674c00741e5e387b3ccd,sao paulo,SP,9,13,874.18,67.24,4,30.77,3.69,high
54965bbe3e4f07ae045b90b0b8541f52,foz do iguacu,PR,78,86,13164.84,153.08,26,30.23,2.94,high
835f0f7810c76831d6c7d24c7a646d4d,sao paulo,SP,44,50,6094.03,121.88,15,30.0,3.3,high
7f152321c60a266edc53af1925ef96c1,criciuma,SC,20,20,4471.92,223.6,6,30.0,3.8,high
e1b12447a7563944843191754aeb5562,guarulhos,SP,9,10,599.13,59.91,3,30.0,4.5,high
8bd0e3abda539b9479c4b44a691be1ec,tres de maio,RS,7,14,911.66,65.12,4,28.57,1.93,high
b5abf4f36adc043117b4fca82c22984c,brasilia,DF,11,12,1531.79,127.65,3,25.0,2.42,high
b43d8b707f887a30f4675391098354a0,ipira,SP,3,4,1526.76,381.69,1,25.0,2.5,high
eebb3372362aa9a46975164bed19a7e7,sao paulo,SP,7,8,711.32,88.92,2,25.0,2.29,high
ecccfa2bb93b34a3bf033cc5d1dcdc69,curitiba,PR,15,19,1601.35,84.28,4,21.05,2.33,high
4dc646b9b9e8e411ef48ba000ea3ac6f,valinhos,SP,4,5,353.26,70.65,1,20.0,2.4,high
5bc55dbe2f12b6af6d83ed46023e0dc8,coronel fabriciano,MG,17,21,3409.38,162.35,4,19.05,2.33,high
1ca7077d890b907f89be8c954a02686a,santana de parnaiba,SP,115,137,15001.43,109.5,25,18.25,2.2,high
fa74b2f3287d296e9fbd2cc80f2d1cf1,presidente prudente,SP,11,11,2635.68,239.61,2,18.18,2.36,high
6ee85be3693ed79a8e80718743d80655,sao paulo,SP,9,13,655.32,50.41,2,15.38,1.92,high
6f1a1263039c76e68f40a8e536b1da6a,sao paulop,SP,4,7,356.84,50.98,1,14.29,2.14,high
4e8dacf3d38f281ae26c3e0321d92d88,sao paulo,SP,10,15,2861.11,190.74,2,13.33,2.47,high
4b1eaadf791bdbbad8c4a35b65236d52,ribeirao preto,SP,8,8,1962.82,245.35,1,12.5,2.0,high
71271995e85f5b8530be99ed54a91b89,porto alegre,RS,8,8,896.83,112.1,1,12.5,2.5,high
cf8ab1616079e2793aa29d524df01bb1,sao paulo,SP,9,9,15150.37,1683.37,1,11.11,2.0,high
7fdb0720c8d7c9075538b365dc8c3a22,toledo,PR,9,10,2288.31,228.83,1,10.0,2.4,high
40db9e9aa57f7bb151bcda6b0f9bdbb7,recife,PE,12,12,23823.99,1985.33,1,8.33,2.36,high
b37c4c02bda3161a7546a4e6d222d5b2,sao paulo,SP,4,15,24487.6,1632.51,1,6.67,1.4,high
4342d4b2ba6b161468c63a7e7cfce593,rio de janeiro,RJ,20,20,3163.31,158.17,1,5.0,1.26,high
2528744c5ef5d955adc318720a94d2e7,jundiai,SP,5,5,6508.7,1301.74,0,0.0,2.4,high
8ff38bc3969e67c36c48343a07090f66,sao paulo,SP,2,8,3859.56,482.45,0,0.0,2.5,high
052577151711aec5c744fe12e66db3e1,rodeio,SC,4,4,2970.42,742.61,0,0.0,2.25,high
1444c08e64d55fb3c25f0f09c07ffcf2,lauro de freitas,BA,1,1,2818.74,2818.74,0,0.0,1.0,high
ffff564a4f9085cd26170f4732393726,campinas,SP,20,20,1770.86,88.54,0,0.0,2.1,high
5151aea44289d6c6b090ee31c2132508,marilia,SP,7,7,1482.47,211.78,0,0.0,1.83,high
c88f62b4c386a59281014d677864d016,arapongas,PR,1,1,1350.5,1350.5,0,0.0,1.0,high
90d4125885ab6c86e8820a722be71974,taboao da serra,SP,3,5,1342.95,268.59,0,0.0,1.0,high
6bef34c5be6f2bbd70aa5165f6df94b1,timbo,SC,2,2,1330.88,665.44,0,0.0,2.0,high
432c67955c0acd1fd6b0b5d678766a71,sao paulo,SP,3,3,1288.41,429.47,0,0.0,2.33,high
1b65c144b17e607c0f37f10bb7dfec8d,rio do sul,SC,5,5,1254.35,250.87,0,0.0,2.0,high
f0563bacf40c311f1c4d3d6b67b8a7a7,tubarao,SC,1,1,1227.78,1227.78,0,0.0,1.0,high
48328ec9a579151d9cc6a86d4a59336c,canoas,RS,1,1,1196.78,1196.78,0,0.0,2.0,high
278b6e0b20c4f61fefaa0577943d7a35,itajai,SC,1,2,1152.62,576.31,0,0.0,1.0,high
7994081388d55b9cf976c050653dd359,sao paulo,SP,2,6,1109.65,184.94,0,0.0,1.67,high
17adeba047385fb0c67d8e90b4296d21,guarulhos,SP,1,3,1097.31,365.77,0,0.0,1.0,high
b7d5b4b87af9d42b601865d3f3810bff,florianopolis,SC,2,2,1090.02,545.01,0,0.0,2.0,high
a0d7fbb07bb5ebc3b05980e750db56f3,ferraz de vasconcelos,SP,3,4,1085.18,271.3,0,0.0,2.0,high
77dcbb67ccb3659bd58eaf5661560a30,lajeado,RS,2,2,1082.56,541.28,0,0.0,1.0,high
cb4a705d00e100b9732d0ca34817d441,florianopolis,SC,1,2,1080.56,540.28,0,0.0,1.0,high
010da0602d7774602cd1b3f5fb7b709e,sao bernardo do campo,SP,1,5,1079.75,215.95,0,0.0,1.0,high
8a43128d7f9a3db592b866e6861a6cce,sao paulo,SP,3,4,1058.49,264.62,0,0.0,2.0,high
dff87e4de60c9736ce8df835951b09bc,sao paulo,SP,2,2,1043.43,521.72,0,0.0,2.5,high
40536e7ca18e1bce252828e5876466cc,caieiras,SP,2,4,963.0,240.75,0,0.0,1.0,high
0aa124728afc1131dff5655f4c6f487b,alfenas,MG,2,2,958.78,479.39,0,0.0,1.0,high
a247197e2e9c19a6a53a6888cb8b660f,sao jose do rio preto,SP,2,2,941.07,470.54,0,0.0,1.0,high
458c6fa920810ce2492da71bc26d9eec,catanduva,SP,2,2,862.37,431.19,0,0.0,2.5,high
83d7070a0b9a8b4625fa8682b819fabb,cotia,SP,2,2,822.4,411.2,0,0.0,1.0,high
8132b9bd16876e1b0f8808d43825dd48,florianopolis,SC,2,3,768.94,256.31,0,0.0,2.33,high
61c36f0fc4a47f9532e5512b66668e62,guarulhos,SP,1,1,767.69,767.69,0,0.0,1.0,high
07d75e33f2750d97d467fb57e4dfdd8a,sao paulo,SP,2,2,759.59,379.8,0,0.0,2.5,high
299c89a525fee36c567f4fe72f038100,varzea alegre,CE,2,2,757.75,378.88,0,0.0,2.0,high
270d3ef21830ad0ecf3a6c53d08a533a,carapicuiba,SP,6,18,743.67,41.32,0,0.0,2.22,high
5d043cd5512d4bd2f88e5ccdd5736c38,sao paulo,SP,1,1,714.91,714.91,0,0.0,2.0,high
5882f40daf39bc2a465e0cb453ddc222,sao paulo,SP,1,1,698.9,698.9,0,0.0,2.0,high
6dc9bec584588412a6a338830946a3e4,sao paulo,SP,2,2,667.83,333.92,0,0.0,1.5,high
e4fc40017a6d22c46a14ac2e17f87c3e,arapongas,PR,3,3,662.05,220.68,0,0.0,2.33,high
ad8ada0ffa993cb1197d102d9ab21a3e,araguari,MG,1,2,656.16,328.08,0,0.0,1.0,high
4e326052e5dbba8adcd512f3450a307e,sao paulo,SP,3,6,655.96,109.33,0,0.0,1.67,high
f543ba3c973276f519d89d59bd46cead,sao jose do rio preto,SP,2,3,637.1,212.37,0,0.0,2.33,high
9599519be538b98748162a2b48248960,sao paulo,SP,1,3,630.06,210.02,0,0.0,1.0,high
64b87978a11c1ea7501a89eabe8c2c1a,presidente bernardes,SP,7,7,591.83,84.55,0,0.0,2.0,high
e59e489e2ea74bd409b798b5daf49de3,maringa,PR,3,5,581.76,116.35,0,0.0,2.2,high
79ee721b6f766066a80264402548d359,bauru,SP,2,2,568.36,284.18,0,0.0,1.0,high
c286ec035ee04ba81c97508f0b5df544,curitiba,PR,2,2,565.9,282.95,0,0.0,2.5,high
d65f31d2413268e671989503f6cf9993,artur nogueira,SP,2,3,559.95,186.65,0,0.0,1.0,high
7e959205cebc10adefcb331f934238a4,sao paulo,SP,2,2,546.55,273.28,0,0.0,1.0,high
c7dcd301ecfe5ab7f778ac172cf74be7,belo horizonte,MG,4,4,519.83,129.96,0,0.0,2.5,high
f7df46c1e0ec44eed5c6726478da4a17,novo hamburgo,RS,3,3,487.44,162.48,0,0.0,1.0,high
52f6f9f13ba19504c02781132a049e75,curitiba,PR,1,2,444.26,222.13,0,0.0,2.0,high
933446e9a59dece7ae9175103820ca8f,curitiba,PR,2,3,438.85,146.28,0,0.0,2.33,high
62d977e2b2aee830de3e039a28490d12,curitiba,PR,2,2,432.12,216.06,0,0.0,1.0,high
1967a9e2ad6f51802b093147d861df58,sao paulo,SP,2,2,425.76,212.88,0,0.0,1.0,high
cbbd5ae8f53de5f5097cd8217b529e24,santana de parnaiba,SP,2,2,422.25,211.13,0,0.0,2.5,high
b7ba853e9551f4558440881fd3e5c815,santo antonio da patrulha,RS,2,2,414.79,207.4,0,0.0,1.0,high
76de363de16dacc923eec8daf91df504,xaxim,SC,2,2,410.42,205.21,0,0.0,2.5,high
25debeafbce801fdd479539350185eee,igaracu do tiete,SP,6,7,402.85,57.55,0,0.0,2.43,high
a0e19590a0923cdd0614ea9427713ced,sao jose dos pinhais,PR,2,7,397.42,56.77,0,0.0,1.0,high
101921376b577a4540dc30e9009133ca,rio claro,SP,1,1,394.49,394.49,0,0.0,2.0,high
5c603ffb38cbbf25a0e0698941324143,varginha,MG,2,2,393.61,196.81,0,0.0,1.0,high
a2e85714b56b1cb6bb24a9a6e6cad36f,miguelopolis,SP,2,3,380.44,126.81,0,0.0,1.0,high
76d336555bb25f3165d2f0d6da719c40,sorocaba,SP,2,2,353.63,176.82,0,0.0,2.0,high
e628d4a53c109f09ca88098338b3a3f5,belo horizonte,MG,1,1,343.9,343.9,0,0.0,1.0,high
4f40d2ed38d1cc945364a7cd202a82c7,sao paulo,SP,1,1,336.89,336.89,0,0.0,1.0,high
14f2b3587172b9db894c9bad8dab520b,ipe,RS,2,2,330.06,165.03,0,0.0,2.5,high
58e4b302b54937e55a678c4d15111da4,colombo,PR,3,3,328.85,109.62,0,0.0,2.33,high
5dc4bdaf869e8c77c648078cbe8d59c2,florianopolis,SC,1,1,327.49,327.49,0,0.0,1.0,high
4d6fb82c629c7a5028bfd973c07b05e0,belo horizonte,MG,2,2,327.43,163.72,0,0.0,2.0,high
e46bc031f2c5bae4ccb40bb90712e9b4,sao paulo,SP,1,1,327.39,327.39,0,0.0,1.0,high
353e21e8bf8de2722b4fae1636664b76,canoas,RS,4,4,299.89,74.97,0,0.0,2.5,high
4be2e7f96b4fd749d52dff41f80e39dd,rio branco,AC,1,1,299.84,299.84,0,0.0,1.0,high
d1e2fe627180431ffda076abb303c56f,rio de janeiro,RJ,1,1,298.05,298.05,0,0.0,1.0,high
9a208dee8f95cfdf00760c4d627828ec,belford roxo,RJ,1,1,295.99,295.99,0,0.0,1.0,high
88ef59b51bdaa941d10a853429f2b6ce,guaratuba,PR,2,2,294.7,147.35,0,0.0,2.0,high
880eda903e719a5f179f7e9fceb3a69d,ipua,SP,1,1,291.72,291.72,0,0.0,1.0,high
ec5c1d94df153d473b37f880977ae58e,rio de janeiro,SP,2,3,283.74,94.58,0,0.0,1.67,high
b57e8460909fa137df7951b4a3b5ea84,porto alegre,RS,1,2,282.14,141.07,0,0.0,2.0,high
d6cd01c59123df02fc226eadbadb5f89,sao paulo,SP,2,3,276.11,92.04,0,0.0,2.33,high
37ceb404da208418c9032f0674e57804,sao paulo,SP,1,3,274.11,91.37,0,0.0,1.0,high
001e6ad469a905060d959994f1b41e4f,sao goncalo,RJ,1,1,267.94,267.94,0,0.0,1.0,high
4e2627090e6e5b9fabba883a37897683,belo horizonte,MG,2,5,267.62,53.52,0,0.0,1.0,high
fec6912baad85d41729669edd6b4d3b8,ribeirao preto,SP,1,1,261.97,261.97,0,0.0,1.0,high
3bfad056cf05c00dabe2f895925d83b1,osasco,SP,1,5,253.35,50.67,0,0.0,1.0,high
7e3dde9ffba72d5340f9aaf09b4424be,cambe,PR,1,1,242.03,242.03,0,0.0,1.0,high
762ed976527cddf02787edba70fffa2a,londrina,PR,3,4,240.12,60.03,0,0.0,2.25,high
f9eda05b67bef472deaddbba84aca289,orleans,SC,1,1,236.79,236.79,0,0.0,1.0,high
6e2d3e2dc84fb30f6078f39dd3bddd6f,colombo,PR,1,1,235.28,235.28,0,0.0,1.0,high
a4b8d97cd5d3674eeff96abc99d8ed67,sumare,SP,1,1,233.38,233.38,0,0.0,1.0,high
cd52a8efd71af3336b14b5039b951cc1,palhoca,SP,3,3,230.54,76.85,0,0.0,2.33,high
fc6295add6f51a0936407ead70c1001d,sao paulo,SP,1,4,230.52,57.63,0,0.0,1.0,high
2cb4700db635baa1c0d4f90ed27b6669,curitiba,PR,2,2,228.72,114.36,0,0.0,2.0,high
f356c348fbc8df6a882823e21f5ce8b7,canoas,RS,2,2,225.65,112.83,0,0.0,2.5,high
c32fc744b9160ac853450488e3cfea93,ribeirao preto,SP,3,3,223.52,74.51,0,0.0,2.33,high
f5403d3f50089112c4eed37928b7f622,fernandopolis,SP,2,2,223.2,111.6,0,0.0,1.0,high
747c1cdcd1737dcfbd1547f6eb6f2cf3,ibitinga,SP,2,2,222.37,111.19,0,0.0,2.5,high
9cea4682e16655f7da87f406902e989e,araucaria,PR,4,9,219.23,24.36,0,0.0,2.33,high
c360e4787614ed31ac7a2f95d3b22dc6,lencois paulista,SP,1,1,218.95,218.95,0,0.0,2.0,high
3a79f35a2344ede41af21267f61d5ec6,campinas,SP,1,1,217.71,217.71,0,0.0,1.0,high
213fafb0ca06fb3d5886579c2565791b,sete lagoas,MG,3,3,216.86,72.29,0,0.0,2.33,high
61f159ef6da2d441951d2c0efa719362,serra,ES,3,3,215.98,71.99,0,0.0,1.0,high
87f3e35268860433e13d577825aada95,bom jesus dos perdoes,SP,3,3,203.48,67.83,0,0.0,1.0,high
bb3dca718920a4d7ec3cc9ffb025108b,sao paulo,SP,2,3,201.7,67.23,0,0.0,2.33,high
a4e634166243bbb3a13fa584463fa468,osasco,SP,2,2,201.18,100.59,0,0.0,2.0,high
94165aea8a35c3c21499cbcae239b16c,uberlandia,MG,1,1,196.11,196.11,0,0.0,2.0,high
15ac3c501e2599e4917316fde5c5669a,sao paulo,SP,1,1,195.81,195.81,0,0.0,1.0,high
fc5a0d7a310a7a41abf86a458585ff2b,sao paulo,SP,2,2,190.16,95.08,0,0.0,2.5,high
4bc3d93e4a5f88a598d3d8ce4ae510b3,sao paulo,SP,1,1,188.28,188.28,0,0.0,1.0,high
98e164d549402270247f3c96a1a158ef,sao paulo,SP,2,2,187.42,93.71,0,0.0,2.5,high
2ec6e37d992a95eaddb3369dcbcc76d9,porto alegre,RS,2,2,183.94,91.97,0,0.0,1.5,high
6e85dc5ecd97a61094b89b046a509d8e,marapoama,SP,1,1,182.59,182.59,0,0.0,1.0,high
ace601496e211a664100321f038f50af,sao paulo,SP,1,1,179.92,179.92,0,0.0,2.0,high
913fd0ebba70bb919f7254a02239173c,blumenau,SC,1,1,179.12,179.12,0,0.0,1.0,high
96f7c797de9ca20efbe14545bed63eec,cravinhos,SP,1,3,176.97,58.99,0,0.0,1.0,high
7a188843479798ca813108fa7b959286,sao paulo,SP,1,3,175.86,58.62,0,0.0,1.0,high
9bade61a92bed55a25d2b67b9f4ed739,sao jose dos pinhais,PR,2,3,174.8,58.27,0,0.0,2.33,high
9523fb39dd240aa958e040f8183d64f3,sao paulo,SP,1,1,168.29,168.29,0,0.0,1.0,high
1e47d8b6546eb3a77b1acddcc9406242,campinas,SP,1,1,166.71,166.71,0,0.0,1.0,high
c7bb64409aa480bb7d0335faaaf3d242,joinville,SC,4,4,165.16,41.29,0,0.0,2.25,high
8cf21434553b02cbd37c0bbd07e041b0,sao jose,SC,2,2,162.13,81.07,0,0.0,2.5,high
1fbe10c70e30765ed1de86d9f7e98409,maua,SP,2,6,158.11,26.35,0,0.0,1.5,high
f114dca2828bf718548db175ebe2cfcd,cambe,PR,1,1,152.99,152.99,0,0.0,1.0,high
60ad151920c4f6f3ebbe8cfdf6166779,carapicuiba,SP,2,2,150.67,75.34,0,0.0,1.0,high
b416191c9813d821a295cfabafff4161,franca,SP,2,2,150.14,75.07,0,0.0,2.5,high
d4a5e99e0dd915df64ba55a7fbd583fd,sao paulo,SP,2,6,149.75,24.96,0,0.0,1.67,high
c87abc38c8ed3240861729e1aeadf221,sao paulo,SP,1,1,148.68,148.68,0,0.0,1.0,high
dc120d932ddf9d4dfb6fd68beefda622,sao jose dos pinhais,PR,1,1,144.44,144.44,0,0.0,1.0,high
88af55b4a7ca402b27df16f7c7c9b5d2,taboao da serra,SP,1,1,141.52,141.52,0,0.0,1.0,high
c4b911d06343b21dd906651f8101cb49,vera cruz,SP,2,2,141.33,70.67,0,0.0,1.0,high
e3e15e2c0b9700561efac21c6be48066,sao paulo,SP,3,4,139.74,34.94,0,0.0,2.5,high
9e17b9d64683aebcbb9ee362d06463b4,ribeirao preto,SP,2,3,136.67,45.56,0,0.0,1.0,high
9c3a1c416c765687bc79a04113269929,carmo da mata,MG,1,1,133.8,133.8,0,0.0,1.0,high
bcf5566870987da7bc811fbc8c5b9fd9,sao paulo,SP,1,4,127.12,31.78,0,0.0,1.0,high
f43827dd686be3a4a80e00aa299990fb,sao jose do rio preto,SP,1,2,125.74,62.87,0,0.0,2.0,high
443d880f15cbd3572885e1d44bf2c478,marilia,SP,1,2,125.0,62.5,0,0.0,2.0,high
ac1ed5fc15901fbc92920361eb4ab350,sao paulo,SP,1,1,124.04,124.04,0,0.0,1.0,high
92992bec39dde5766f590d3b1f46d465,sao paulo,SP,1,1,121.67,121.67,0,0.0,1.0,high
9b1050e85becf3ae99c1cf4934c9bc5d,montes claros,MG,2,2,115.34,57.67,0,0.0,2.5,high
7a073a40a9d3f1fee8bc45670ea1e909,londrina,PR,1,1,112.78,112.78,0,0.0,1.0,high
fa7ad8ae9bcb2c4493fdf38e96b1d74f,pedreira,SP,1,2,111.7,55.85,0,0.0,1.0,high
fc99f99385ae90f66f01733856fb88c9,boituva,SP,1,1,111.02,111.02,0,0.0,1.0,high
e4253cef933647000a82ff39c67b7bde,sao paulo,SP,2,2,108.73,54.37,0,0.0,2.0,high
c85d7b477a709c85a1e8b8f25aa1b270,sao bernardo do campo,SP,1,2,107.22,53.61,0,0.0,1.0,high
20fd2d2080ed85fa67fad3fcbb2c1813,colombo,PR,1,1,105.47,105.47,0,0.0,1.0,high
1fddcb7b326905d3ad5efe82187db347,sao paulo,SP,1,1,105.22,105.22,0,0.0,1.0,high
f3055483058c84d75ca2a3314fb4deef,salvador,BA,1,1,103.29,103.29,0,0.0,1.0,high
15b3b1b81484422eb41df68ac87f1f50,bauru,SP,2,2,102.89,51.45,0,0.0,1.0,high
f09e26011d833ddab11593c1a097a92a,pirassununga,SP,1,1,102.09,102.09,0,0.0,1.0,high
c2bda99904207edd1834f03e0022b007,sao paulo,SP,2,2,101.68,50.84,0,0.0,2.5,high
3febca52652e7209509ccfe61cbde40e,itaquaquecetuba,SP,2,2,100.9,50.45,0,0.0,2.0,high
42d4b7e70819438f5ada61c965e92d7e,goiania,GO,1,3,100.78,33.59,0,0.0,1.0,high
43a5d4a57af536fddc96d08be3afdfcb,varginha,MG,1,1,99.83,99.83,0,0.0,1.0,high
dadc51ef321949ec9a3ab25cd902e23d,sao paulo,SP,1,1,99.34,99.34,0,0.0,1.0,high
c542f5a8c64d973f30e9df8d06f70b4a,sao paulo,SP,1,1,98.31,98.31,0,0.0,1.0,high
9591fc341b1bfb7ef561e2968ec6e011,sao paulo,SP,1,1,94.21,94.21,0,0.0,1.0,high
455f46ef09a9e45667e2981df84b5cc2,sorocaba,SP,2,2,90.98,45.49,0,0.0,2.5,high
cf281cf8b7affbdfe751b29cc85580e1,eusebio,CE,1,1,90.23,90.23,0,0.0,1.0,high
61b893c57e33626afb104d4112b1be76,divisa nova,MG,1,1,88.09,88.09,0,0.0,1.0,high
b6c6854d4d92a5f6f46be8869da3fa1a,sao paulo,SP,1,1,87.82,87.82,0,0.0,1.0,high
f0ec6a2adb05c62655a26dd347b8dede,sao paulo,SP,1,2,86.78,43.39,0,0.0,1.0,high
4003520d80d0bad1d5623f7aa3c63cda,rio de janeiro,RJ,1,1,86.74,86.74,0,0.0,1.0,high
ad738d3fcf42655ed15c4960b7b6c601,novo hamburgo,RS,1,1,80.89,80.89,0,0.0,1.0,high
ffcfefa19b08742c5d315f2791395ee5,curitiba,PR,1,1,79.52,79.52,0,0.0,1.0,high
fa18c782a4866d313cadab567097f8f1,belo horizonte,MG,1,1,78.64,78.64,0,0.0,1.0,high
67e43d802fde8cfd3f9580124f8167d1,guarulhos,SP,2,3,78.36,26.12,0,0.0,1.0,high
86649b1632b1c0e6c0bcb2c90a8b75d8,medianeira,PR,1,1,77.66,77.66,0,0.0,1.0,high
56a8b450e802502ba53a9885ee38e29f,sao bernardo do campo,SP,1,1,77.65,77.65,0,0.0,1.0,high
e1a210d482714ce337763a19aef94ba4,cascavel,PR,1,1,76.51,76.51,0,0.0,1.0,high
cecd97bc34ed8330bd4cd15713eda670,cordilheira alta,SC,1,1,76.5,76.5,0,0.0,1.0,high
9996ae921c50e8dff411ac69c0b4bb8b,tupa,SP,2,3,73.37,24.46,0,0.0,2.33,high
66d5ae34537110d3affc56174dad2b2f,sao jose do rio preto,SP,1,3,72.18,24.06,0,0.0,1.0,high
c1552b1dab6e6f760950368ae61fb600,sao jose dos campos,SP,2,2,68.69,34.35,0,0.0,2.5,high
c200c73f9d7e5a08ca439d6a0803da7c,almirante tamandare,PR,1,2,68.2,34.1,0,0.0,1.0,high
2078fe5066350e7d220c0ad3a3bbc6c1,arapongas,PR,1,1,68.04,68.04,0,0.0,2.0,high
5aaa890629f83706d8d9bfecd8377c1c,petropolis,RJ,1,1,66.82,66.82,0,0.0,1.0,high
2e2f44824ab87a0cb961f68bf4073e7f,curitiba,PR,1,1,65.93,65.93,0,0.0,2.0,high
3338e7a0710a195872be80e0d2423867,piracicaba,SP,1,1,65.43,65.43,0,0.0,1.0,high
deaadd805612bf94faaa9fa702516e11,sao paulo,SP,1,1,65.11,65.11,0,0.0,1.0,high
d1a1b40ec554c593a1a99366746289dd,pato branco,PR,1,1,64.22,64.22,0,0.0,2.0,high
d4828feed4cda2cd9d6b37899a95a71e,juzeiro do norte,CE,1,1,62.11,62.11,0,0.0,2.0,high
749e7cdabbaf72f16677859e27874ba5,guarulhos,SP,1,1,61.74,61.74,0,0.0,1.0,high
7caa63f175b1cecbfaadd8b5ab9998c7,sao paulo,SP,2,2,60.33,30.17,0,0.0,2.0,high
9c351405b754cc5ce3e2ecf277bb034a,sao paulo,SP,1,1,59.11,59.11,0,0.0,1.0,high
ac137bac82ffa8548e62bd9d01d2a14f,sao paulo,SP,1,1,58.94,58.94,0,0.0,1.0,high
1f7dfad2cb384ea4d2d7e1ffbd78c407,sao paulo,SP,1,1,57.29,57.29,0,0.0,1.0,high
ab75b89cc49c9ab3160d0c91565a442a,tupa,SP,2,2,53.83,26.92,0,0.0,1.5,high
3a52d63a8f9daf5a28f3626d7eb9bd28,aguas claras df,SP,1,1,52.78,52.78,0,0.0,1.0,high
50c361bcf670d16f6df4d52de3dff924,sao paulo,SP,1,1,51.6,51.6,0,0.0,1.0,high
9f56a7a649097b166d8ed286ad86a15c,rio de janeiro,RJ,2,2,51.02,25.51,0,0.0,1.0,high
0336182e1b3e92f029d5354832045fdf,ibitinga,SP,1,2,47.37,23.69,0,0.0,2.0,high
5206cc4bc2297c833e6061c49bf9c43f,osasco,SP,1,1,45.96,45.96,0,0.0,1.0,high
e6ffc9ac6a7adc9d16a1cfc2286dd546,sao paulo,SP,1,1,43.28,43.28,0,0.0,1.0,high
1992f8fb6b19fcccd97ca819811e7267,sao paulo,SP,1,1,40.02,40.02,0,0.0,1.0,high
15aec03fe4cf30dfa574cf550f5ff5ff,rio de janeiro,RJ,1,1,39.86,39.86,0,0.0,1.0,high
bf0d50a6410d487dc97d2baac0a8c0be,piracicaba,SP,1,1,37.16,37.16,0,0.0,2.0,high
c97aa4ee7420f937da13b7f9e2228b99,novo hamburgo,RS,1,1,36.56,36.56,0,0.0,1.0,high
63bc58679c44e8a998792119fd7ad23e,sao paulo,SP,1,1,34.01,34.01,0,0.0,1.0,high
e174dc2de86d60fee178170a154c05e7,santo andre,SP,1,1,33.9,33.9,0,0.0,1.0,high
afac9f6b0c4e5f0a7ee87e922cd0f873,bauru,SP,1,1,32.84,32.84,0,0.0,1.0,high
58b98ccb79873e04eac4357cacc590d9,campinas,SP,1,1,31.91,31.91,0,0.0,1.0,high
8501d82f68d23148b6d78bb7c4a42037,blumenau,SC,1,1,30.66,30.66,0,0.0,1.0,high
6614814a00d344b846ae209f95ee7e3f,macatuba,SP,1,1,25.69,25.69,0,0.0,1.0,high
6576fd3e23c88f0e5d4d23f39bba0542,taboao da serra,SP,1,1,25.46,25.46,0,0.0,1.0,high
34aefe746cd81b7f3b23253ea28bef39,curitiba,PR,1,1,22.52,22.52,0,0.0,1.0,high
cc1f04647be106ba74e62b21f358af25,sao paulo,SP,1,1,20.19,20.19,0,0.0,1.0,high
c1dde11f12d05c478f5de2d7319ad3b2,sao paulo,SP,1,1,19.89,19.89,0,0.0,1.0,high
1fa2d3def6adfa70e58c276bb64fe5bb,sao paulo,SP,1,1,15.9,15.9,0,0.0,1.0,high
c4d51195486dc781531876a7d00453d8,presidente prudente,SP,17,17,12038.35,708.14,5,29.41,3.94,medium
c1ed9e3daf6154542826a6996af0fb8c,itajai,SC,9,17,1300.64,76.51,5,29.41,4.41,medium
7fc87cc3e89b3d1d5cabdca32f8485aa,guarulhos,SP,14,14,2835.82,202.56,4,28.57,3.57,medium
d5b9a084373da994a6e37f732169a853,santo andre,SP,7,7,1945.29,277.9,2,28.57,3.57,medium
5f67c6082caacb26e431a7b17940cece,maringa,PR,13,14,1871.03,133.65,4,28.57,3.57,medium
83b08de96980757220871b31bf6cffca,rio de janeiro,RJ,5,7,1758.38,251.2,2,28.57,4.29,medium
7daca0837f033a41a6f3428c18657533,tanabi,SP,7,7,1397.14,199.59,2,28.57,3.57,medium
c522be04e020c1e7b79f3acff36513d5,santana de parnaiba,SP,7,7,838.3,119.76,2,28.57,3.57,medium
f3295428338a40977a03f555246a70f4,vitoria,ES,7,7,769.38,109.91,2,28.57,3.57,medium
4e5725ba188db8252977a4f0227bd462,ribeirao preto,SP,22,25,2313.2,92.53,7,28.0,3.44,medium
822bad9bc42b51213ba522fe87b7ab5d,balneario camboriu,SC,18,18,5687.34,315.96,5,27.78,4.11,medium
054694fa03fe82cec4b7551487331d74,itajobi,SP,21,22,10703.75,486.53,6,27.27,3.36,medium
ad781527c93d00d89a11eecd9dcad7c1,sao jose do rio preto,SP,44,44,9279.26,210.89,12,27.27,3.07,medium
eb4df17aed01d918c65f0f8d650900c0,paulinia,SP,11,11,3925.46,356.86,3,27.27,3.91,medium
2a1348e9addc1af5aaa619b1a3679d6b,belo horizonte,MG,52,55,3631.4,66.03,15,27.27,3.0,medium
d32e3909cfb714fb2a6cb092c85b9c5f,jundiai,SP,10,11,3078.9,279.9,3,27.27,3.64,medium
91f0eec23d4a61d7d7caeefa3f0ad1ca,tubarao,SC,11,11,2545.26,231.39,3,27.27,3.55,medium
656591be56071d4c9ef4e5fee78a578a,santo andre,SP,7,11,2021.2,183.75,3,27.27,4.64,medium
13074f016982ff2bd6c58ced8682f000,bento goncalves,RS,14,15,3111.7,207.45,4,26.67,3.93,medium
3a1a1fec38dd360f15fc912e821e169d,sao paulo,SP,15,15,2378.63,158.58,4,26.67,3.87,medium
2953ce3a88f5e3c3b696d77fc9e4c8eb,sao paulo,SP,14,15,631.32,42.09,4,26.67,4.67,medium
a44fb5a447105f8469bdf16bf9159f25,porto alegre,RS,19,19,4292.71,225.93,5,26.32,4.05,medium
71039d19d4303bf9054d69e9a9236699,sao paulo,SP,35,38,4158.65,109.44,10,26.32,3.68,medium
2e1a7d075abe038c1b2743005fe42ff1,sao paulo,SP,19,23,1750.55,76.11,6,26.09,3.7,medium
66e0557ecc2b4dbea057e93f215f68d8,sao paulo,SP,31,31,12977.99,418.64,8,25.81,3.94,medium
ff69aa92bb6b1bf9b8b7a51c2ed9cf8b,sao paulo,SP,20,20,23695.2,1184.76,5,25.0,3.65,medium
6039e27294dc75811c0d8a39069f52c0,osasco,SP,64,76,16211.34,213.31,19,25.0,3.84,medium
b19f3ca2ea475913750f25a5c37c8d8f,divinopolis,MG,24,24,7549.55,314.56,6,25.0,2.79,medium
ef990a83bbea832f36ebe81376335aa8,joinville,SC,43,44,5557.24,126.3,11,25.0,3.66,medium
602044f2c16190c2c6e45eb35c2e21cb,ibitinga,SP,50,60,4899.67,81.66,15,25.0,2.93,medium
aeb36d67f1414f234d42a29e27cf1f17,santo andre,SP,4,4,3548.1,887.03,1,25.0,4.5,medium
1ca4bdb0cd7fc48e949bac066188ed26,cataguases,MG,4,4,1963.08,490.77,1,25.0,4.5,medium
0aea4c6ae1505b3228ddf3dd7822ee5b,sorocaba,SP,8,8,1579.66,197.46,2,25.0,3.88,medium
e504a4e2efaa45cbff7e268a2c58c956,sao pedro,SP,11,12,1464.06,122.01,3,25.0,3.67,medium
4091f77d8c768fc3e81c20761471761d,sao paulo,SP,8,8,1309.87,163.73,2,25.0,2.75,medium
a13aaf2d2886ab9fb30fb9a920160b8f,joinville,SC,4,4,1085.83,271.46,1,25.0,4.5,medium
74636e24f01da9268b0ed88dacd8513e,sao paulo,SP,4,4,1048.61,262.15,1,25.0,4.0,medium
e9729944ba65dc3ce425e0c5a22ae7b2,petropolis,RJ,4,4,978.43,244.61,1,25.0,3.75,medium
a56e351445e5863fc8960640ba9190c7,itajai,SC,3,4,825.98,206.5,1,25.0,4.25,medium
6e4a902d1054e4e17aa6eab87fac1c75,sorocaba,SP,7,8,695.7,86.96,2,25.0,4.25,medium
e3dd723429d1b23614b7fa85e2c7a853,sao bernardo do campo,SP,7,8,597.62,74.7,2,25.0,3.38,medium
2c3d56f92f360fb89d849b84e8f50eae,barueri,SP,8,8,590.44,73.81,2,25.0,3.13,medium
f22a247b79dd22ecd91dc8e3b2a1b07c,itaquaquecetuba,SP,8,8,574.84,71.86,2,25.0,4.0,medium
59cd88080b93f3c18508673122d26169,praia grande,SP,10,12,567.71,47.31,3,25.0,4.75,medium
c1f12f926d0ba950578b4fa41115cbb6,sao paulo,SP,2,4,556.56,139.14,1,25.0,4.5,medium
79565f7d5603b24ddf07ade262547f2f,araraquara,SP,8,8,494.07,61.76,2,25.0,4.0,medium
0f0c984a4a955310903b6b6008660bad,franca,SP,4,4,481.38,120.35,1,25.0,3.75,medium
2bf28e311bba65237358230cabac3f15,londrina,PR,7,8,477.88,59.74,2,25.0,3.88,medium
15ead3a5037a918ddb520dfe39a3d2b9,conselheiro lafaiete,MG,7,8,433.95,54.24,2,25.0,4.38,medium
579891617139df7d8671d373f0669622,rio de janeiro,RJ,8,8,408.5,51.06,2,25.0,4.5,medium
d7b2377bae6ace1b11fc69a11900ac36,sao paulo,SP,4,4,381.56,95.39,1,25.0,3.25,medium
e5d4b2b0c3bca22085f7a19a28de0c42,joinville,SC,4,4,269.56,67.39,1,25.0,4.5,medium
1d1bbb8ac1581824986f582583fff01d,indaial,SC,4,4,226.47,56.62,1,25.0,3.5,medium
bd4ff04377f974574f7f0bf9d6ce7dde,santa maria da serra,SP,4,4,215.1,53.78,1,25.0,3.5,medium
0692610d8abe24f287e9fae90ea0bbee,sao paulo,SP,4,4,205.72,51.43,1,25.0,4.0,medium
52a50b42accf164f9f019941e5759d9b,monte alegre do sul,SP,4,4,197.02,49.26,1,25.0,4.75,medium
08061dc0fc165ed41288cc7acde738ee,osasco,SP,4,4,182.22,45.56,1,25.0,4.5,medium
e09887ca8c7bf8a4621ce481820414ef,sao paulo,SP,3,4,178.66,44.67,1,25.0,3.0,medium
83f2b4881141ce3fcd4e985125d3279e,ribeirao preto,SP,3,4,149.07,37.27,1,25.0,5.0,medium
2b5ed0c9139dae8883a200dfcb272ece,sao paulo,SP,4,4,144.75,36.19,1,25.0,4.25,medium
a49928bcdf77c55c6d6e05e09a9b4ca5,sao paulo,SP,98,106,10574.25,99.76,26,24.53,2.95,medium
cac4c8e7b1ca6252d8f20b2fc1a2e4af,indaiatuba,SP,75,84,5839.48,69.52,20,23.81,3.52,medium
beadbee30901a7f61d031b6b686095ad,guarulhos,SP,64,68,5311.52,78.11,16,23.53,3.94,medium
53d00c40e32aeb924a84ce72b1af869d,ibitinga,SP,17,17,2462.07,144.83,4,23.53,4.35,medium
5b0cc932433fa5184b5b94bfe6bcc256,ibitinga,SP,12,17,1994.09,117.3,4,23.53,3.47,medium
a066df7361163e7ddc5d7452dd17448b,franca,SP,15,17,1344.62,79.1,4,23.53,4.47,medium
b5e3e38609125694d2ea2417522a60b7,florianopolis,SC,16,17,1296.18,76.25,4,23.53,4.35,medium
06a2c3af7b3aee5d69171b0e14f0ee87,sao luis,MA,392,406,48726.44,120.02,95,23.4,4.0,medium
ea566164622c6b439516ab18062c42cd,sao  paulo,SP,50,52,11167.98,214.77,12,23.08,3.75,medium
5abb8ea023c77787f2c15da891c8d384,joinville,SC,13,13,2987.2,229.78,3,23.08,3.92,medium
8378eb36b6b70c5734e83ad7b8cdc3b7,itajai,SC,7,13,1956.67,150.51,3,23.08,3.77,medium
36890be00bbfc1cdb9a4a38a6af05a69,osasco,SP,13,13,1600.88,123.14,3,23.08,4.23,medium
2a261b5b644fa05f4f2700eb93544f2c,porto ferreira,SP,51,83,7466.32,89.96,19,22.89,3.34,medium
99a54764c341d5dc80b4a8fac4eba3fb,sao paulo,SP,45,67,5026.26,75.02,15,22.39,3.47,medium
bbad7e518d7af88a0897397ffdca1979,sao paulo,SP,69,85,5800.42,68.24,19,22.35,3.04,medium
f08a5b9dd6767129688d001acafc21e5,porto alegre,RS,11,18,14565.74,809.21,4,22.22,3.44,medium
f35b3c613c4f7b2275f4185d0a3c59ec,sao paulo,SP,9,9,4214.29,468.25,2,22.22,4.56,medium
5eeb9c756d9780b96283e5a2ac6da334,ribeirao preto,SP,9,9,2718.74,302.08,2,22.22,4.22,medium
1976a05ecf2996d6ffb7b5430e635fe7,assis,SP,8,9,2190.66,243.41,2,22.22,4.0,medium
1dfe5347016252a7884b694d4f10f5c4,ibitinga,SP,21,27,2129.73,78.88,6,22.22,3.19,medium
5ee7fd217d08dfe5d3e2f51f96a12c9a,vargem grande do sul,SP,9,9,1435.18,159.46,2,22.22,3.44,medium
9bc484c87d79cd4874e05ca182658045,sao paulo,SP,9,9,1269.87,141.1,2,22.22,4.0,medium
b248792ac0b60ec3f93d80af1b4fae47,sao caetano do sul,SP,7,9,608.35,67.59,2,22.22,3.78,medium
85cc55e048b6bcc90c75afe7f0e72f72,barra mansa,RJ,9,9,501.76,55.75,2,22.22,4.44,medium
6ec1a01e866584bb679eb9b098345919,santos,SP,31,32,5063.76,158.24,7,21.88,4.13,medium
b64d51f0435e884e8de603b1655155ae,garulhos,SP,17,23,773.54,33.63,5,21.74,4.13,medium
f63d8f293af3a6454377546bd9dd19ff,votorantim,SP,17,28,2246.95,80.25,6,21.43,3.82,medium
28f10b1c5e5abb9d4857745bede6147c,sao paulo,SP,28,28,1185.42,42.34,6,21.43,4.0,medium
9f50216bfd01913736a55a11b55ea842,taubate,SP,17,19,1671.1,87.95,4,21.05,4.47,medium
81336a0f57a33776419727a300249e90,sao carlos,SP,16,19,1670.88,87.94,4,21.05,3.68,medium
cfe94489ddd337d1e29e12f2a7205d10,sao paulo,SP,20,24,2672.82,111.37,5,20.83,4.13,medium
712e6ed8aa4aa1fa65dab41fed5737e4,videira,SC,79,88,46817.26,532.01,18,20.45,3.46,medium
d13e50eaa47b4cbe9eb81465865d8cfc,santo andre,SP,67,69,8012.84,116.13,14,20.29,4.81,medium
039e6ad9dae79614493083e241147386,sao paulo,SP,5,5,13273.42,2654.68,1,20.0,4.0,medium
6bd69102ab48df500790a8cecfc285c2,sao paulo,SP,5,5,8359.02,1671.8,1,20.0,3.0,medium
e0878efa0e0b7e5313ac0b43bc04c081,curitiba,PR,27,30,5877.43,195.91,6,20.0,3.47,medium
bce6a5ecf98e99fd2a8868b15c51f04b,guarulhos,SP,14,15,3706.5,247.1,3,20.0,4.13,medium
e5f9e61ceb5f523cc966e0f34095032f,brusque,SC,4,5,3057.17,611.43,1,20.0,4.2,medium
f1b93673502375d491780bb49d615dbc,sao jose dos campos,SP,8,10,2959.28,295.93,2,20.0,2.7,medium
fdaaf5bfda82b7b80535610c831b8d09,sao jose do rio preto,SP,10,15,2848.32,189.89,3,20.0,3.93,medium
7b8e8ec35bad4b0ef7e3963650b0a87b,tubarao,SC,5,5,2616.3,523.26,1,20.0,4.8,medium
9449f25aeaf531019b76999ea49a6949,rio de janeiro,RJ,10,10,2225.84,222.58,2,20.0,4.0,medium
411f3b52d857390502ee4e4d5ceabc2d,ribeirao pires,SP,21,30,2182.72,72.76,6,20.0,4.26,medium
ca4b77513ac2040591b0d8fae6958380,sando andre,SP,14,15,1973.62,131.57,3,20.0,4.47,medium
406740ee611378a662d274c7d8c43c4a,vitoria,ES,8,10,1972.08,197.21,2,20.0,4.1,medium
a13580f0e8f782b7a543885a0ef99f08,rio de janeiro,RJ,10,10,1563.68,156.37,2,20.0,4.4,medium
b566ab0ef88016e00422755e305103c6,extrema,MG,5,5,1428.22,285.64,1,20.0,3.2,medium
c878515173c84a492ebe50d6b493230b,itaipulandia,PR,9,10,1308.04,130.8,2,20.0,4.2,medium
76c47a299e4a8fe992316a85865acbe9,ribeirao preto,SP,6,10,1246.34,124.63,2,20.0,4.8,medium
1d2732ef8321502ee8488e8bed1ab8cd,rio de janeiro,RJ,4,5,1228.18,245.64,1,20.0,3.2,medium
3d4824f20035949c710eaf111f869d39,sorocaba,SP,9,10,1214.58,121.46,2,20.0,3.9,medium
9485a23c0430ba1d58d359391606fce6,santo andre,SP,5,5,1195.15,239.03,1,20.0,3.2,medium
167fd940acebc789debd6eb418c46e38,franca,SP,5,5,1178.48,235.7,1,20.0,3.0,medium
8b655f0855926bcb49f5835d38dfddf6,osasco,SP,5,5,1162.81,232.56,1,20.0,4.8,medium
f8201cab383e484733266d1906e2fdfa,palhoca,SC,10,10,1144.83,114.48,2,20.0,4.1,medium
ab3e0c171fe84a7ba7de130f19cfb485,colorado,PR,7,10,1035.7,103.57,2,20.0,3.2,medium
f783a638e9c6af4a7d0dbfde811e7a81,sao paulo,SP,5,5,1002.9,200.58,1,20.0,4.0,medium
7a91bf945c6fae0779f1c61ce97fe45c,mesquita,RJ,5,5,882.07,176.41,1,20.0,3.8,medium
be8e909810184b9b19e886129149d8e5,piracicaba,SP,15,15,846.08,56.41,3,20.0,3.73,medium
851773c885feb5e2da3b4f82bc2b17ce,lencois paulista,SP,10,10,837.13,83.71,2,20.0,4.2,medium
d79e8478eed9999493990b44955fb22e,rio de janeiro / rio de janeiro,RJ,5,5,802.61,160.52,1,20.0,4.0,medium
2aa3443d7bf9d9bb11133f420d75e083,rio de janeiro,RJ,10,10,781.12,78.11,2,20.0,3.0,medium
b4b447d715f9ab302a188fb43d3e96b3,sao paulo,SP,5,5,779.66,155.93,1,20.0,4.8,medium
83353a83fd769dfafa4f21a72b15e3e5,sao paulo,SP,5,5,674.33,134.87,1,20.0,3.8,medium
4170f6a9367e6b5d6401d03ce6d54569,brasilia df,DF,4,5,661.81,132.36,1,20.0,4.2,medium
55c96925041a14097b6a7825554f4ad5,sao paulo,SP,6,10,483.37,48.34,2,20.0,3.2,medium
9853a239ab7b7ebbdc3a21248d5b8e1f,campo largo,PR,5,5,471.01,94.2,1,20.0,3.8,medium
7b7ed56ae755e2880f2b69632e839c1e,goiania,GO,5,5,456.6,91.32,1,20.0,4.2,medium
6bd503a8230299c9316fb0f726933927,morrinhos,GO,4,5,453.89,90.78,1,20.0,4.6,medium
09883d9ab71c8fe8a9bfc7fc3075b07e,sao paulo,SP,5,5,406.17,81.23,1,20.0,3.4,medium
cf1313c6e2c01c2f4b014f97db4bcd2b,rio de janeiro \rio de janeiro,RJ,5,5,397.0,79.4,1,20.0,5.0,medium
46ef1a25845fc051c2998d878354810c,claudio,MG,5,5,348.45,69.69,1,20.0,4.4,medium
5236605f4d4b0b3e4df85b850393fca0,sao paulo,SP,5,5,347.48,69.5,1,20.0,4.8,medium
bdb3edbaee43a761e2d4f258dc08f348,lencois paulista,SP,5,5,328.36,65.67,1,20.0,3.8,medium
f92d8c817434bd2d84d4e9c61322b7fa,sorocaba,SP,5,5,225.61,45.12,1,20.0,4.6,medium
717b78b0950b51ed00b1471d858b0edc,alambari,SP,5,5,219.75,43.95,1,20.0,4.0,medium
8e34331b7eedd03be4e5d965c1956225,sao paulo,SP,5,5,210.44,42.09,1,20.0,4.8,medium
3903c788ded8dc03b5ebab37a2f3e9a1,carapicuiba,SP,5,5,171.25,34.25,1,20.0,4.0,medium
bca9230d3bbb4efa51872bf605a2f1ad,sao paulo,SP,5,5,168.2,33.64,1,20.0,4.0,medium
741f8c587cb4248ebc5b779a0e8e0e51,santo andre,SP,5,5,157.64,31.53,1,20.0,4.0,medium
cd68562d3f44870c08922d380acae552,ribeirao preto,SP,125,132,20777.19,157.4,26,19.7,3.84,medium
c60b801f2d52c7f7f91de00870882a75,guarulhos,SP,41,41,13652.89,333.0,8,19.51,3.32,medium
0bf0150d5b9d60d9cd2906003332f085,sao paulo,SP,39,62,6872.34,110.84,12,19.35,3.71,medium
88460e8ebdecbfecb5f9601833981930,maringa,PR,248,311,37531.06,120.68,59,18.97,3.35,medium
0d85bbda9889ce1f7e63778d24f346eb,uberlandia,MG,51,58,6469.7,111.55,11,18.97,4.21,medium
86bb7c4b535e49a541baf3266b1c95b1,franca,SP,16,16,8487.22,530.45,3,18.75,3.2,medium
55bb6fe5bebe5012e2d7d9928e1128ff,bauru,SP,15,16,2393.02,149.56,3,18.75,3.56,medium
3fac58ce0ad699020c7944d53c41329c,sao paulo,SP,10,16,1427.97,89.25,3,18.75,4.56,medium
3fd1e727ba94cfe122d165e176ce7967,araraquara,SP,37,38,3394.42,89.33,7,18.42,3.82,medium
d93919c944be9cff128f6c9cb899eacb,mombuca,SP,33,33,3624.01,109.82,6,18.18,4.0,medium
1b7e5006cb25dd23ce8686691013b121,sao paulo,SP,11,11,2785.96,253.27,2,18.18,4.36,medium
20b54c376b794ed028df09a3cd88e8dc,sao caetano do sul,SP,11,11,1506.55,136.96,2,18.18,3.0,medium
5011f0d93373a4c5753adf58ca77af8d,santos,SP,12,22,1390.85,63.22,4,18.18,3.55,medium
39c763cca83e654764b7a4a650fb9b7c,goiania,GO,11,11,984.21,89.47,2,18.18,3.82,medium
0249d282d911d23cb8b869ab49c99f53,sao paulo,SP,11,11,531.88,48.35,2,18.18,4.27,medium
615005a3ef192c00c6f0e977cee3d2bc,itu,SP,10,11,442.14,40.19,2,18.18,3.91,medium
e5a3438891c0bfdb9394643f95273d8e,limeira,SP,224,257,11193.66,43.56,46,17.9,3.81,medium
9c068d10aca38e85c50202e17b4a7e88,coxim,MS,17,17,3108.83,182.87,3,17.65,4.13,medium
c679fb69a36e1d8349e8c50a217b4d58,caxias do sul,RS,14,17,2213.89,130.23,3,17.65,3.56,medium
921323538c9f1c4e816f2720eac02bea,sao paulo,SP,15,17,1642.2,96.6,3,17.65,4.0,medium
e3a386fc36e22064434e1fa256f6a9fa,engenheiro coelho,SP,16,17,1047.15,61.6,3,17.65,4.24,medium
768a86e36ad6aae3d03ee3c6433d61df,sao paulo,SP,17,17,767.7,45.16,3,17.65,4.65,medium
8160255418d5aaa7dbdc9f4c64ebda44,ibitinga,SP,385,434,55200.0,127.19,76,17.51,3.84,medium
0725b8c0f3f906e58f70cbe76b7c748c,guarulhos,SP,17,40,3065.02,76.63,7,17.5,3.58,medium
11bfa66332777660bd0640ee84d47006,ribeirao preto,SP,76,103,5857.62,56.87,18,17.48,3.78,medium
f593898ec748b7a8cb81fc04edafd98a,pedreira,SP,20,23,3541.12,153.96,4,17.39,3.48,medium
2a61c271b1ac763450d846849783e922,santo andre,SP,18,23,2013.13,87.53,4,17.39,3.65,medium
f918546be4bec7104d117789ba758b2b,sao paulo,SP,20,23,1830.15,79.57,4,17.39,3.83,medium
d97df38225e5abadaff1e72cb72b823c,sao caetano do sul,SP,29,29,2362.92,81.48,5,17.24,3.93,medium
ec4608a1f76453166bb312b2968aeaf4,porto ferreira,SP,18,35,2121.36,60.61,6,17.14,2.69,medium
d20b021d3efdf267a402c402a48ea64b,ibitinga,SP,90,107,5814.31,54.34,18,16.82,3.65,medium
ccb83a794700270fde70898fe9ff368b,sombrio,SC,12,12,12785.73,1065.48,2,16.67,4.33,medium
e7df4cd29ab5abab70fb0783ddb53987,sao paulo,SP,23,24,10022.07,417.59,4,16.67,4.29,medium
2c9e548be18521d1c43cde1c582c6de8,mogi das cruzes,SP,126,174,8603.05,49.44,29,16.67,3.92,medium
b8630e1121437d41cb08e3c749c2c2e2,duque de caxias,RJ,12,12,7334.1,611.18,2,16.67,4.33,medium
d6b664fa0667064c6d76394e7848d790,araraquara,SP,6,6,6404.34,1067.39,1,16.67,4.83,medium
ec8879960bd2221d5c32f8e12f7da711,itatiba,SP,36,36,4881.38,135.59,6,16.67,4.31,medium
6bb0724edf0b62fb91ac404873a97241,cotia,SP,17,18,4416.52,245.36,3,16.67,4.5,medium
38874e327ce94d11390b96eb42d61928,itaquaquecetuba,SP,6,6,4158.43,693.07,1,16.67,4.0,medium
ec80e49e69745ab6c14f984bf2149423,limeira,SP,12,12,3897.31,324.78,2,16.67,4.0,medium
d17f467e4bf608a510c20d82f4ba3b6b,caxias do sul,RS,12,12,3556.55,296.38,2,16.67,4.0,medium
78744a20ee2f80ba64f6804c25def2b8,recife,PE,6,6,3068.85,511.48,1,16.67,4.17,medium
323ce52b5b81df2cd804b017b7f09aa7,sao paulo,SP,30,30,2955.67,98.52,5,16.67,4.31,medium
acadd4d36859671cb635527c6c977533,santa rosa de viterbo,SP,12,12,2646.94,220.58,2,16.67,4.25,medium
8ca1551acf9832a4cf467bbbac15851f,campo largo,PR,11,12,2442.94,203.58,2,16.67,3.67,medium
3771c85bac139d2344864ede5d9341e3,sorocaba,SP,26,30,1842.26,61.41,5,16.67,3.57,medium
9b522ba7eae9e1d04082f267144583cc,sao paulo,SP,4,6,1655.65,275.94,1,16.67,4.5,medium
2dcf93836ae3ce0d7c93e2f10876467a,sao jose dos campos,SP,9,12,1622.44,135.2,2,16.67,4.17,medium
7f40d06aa0b5f1aa4f41af8c0480e2ef,rio claro,SP,6,6,1435.62,239.27,1,16.67,4.83,medium
b55638ad525e906c698fa2ce742c1742,imbituba,SC,11,12,1385.67,115.47,2,16.67,4.17,medium
457fe919b032a3f7dadba6fb92cf7855,paulinia,SP,9,12,1246.11,103.84,2,16.67,4.83,medium
fe87f472055fbcf1d7e691c00b1560dc,campinas,SP,6,6,1215.96,202.66,1,16.67,4.5,medium
edd066cd02126d7800f9b66e980e9931,brasilia,DF,6,6,1173.93,195.66,1,16.67,5.0,medium
70849ca4f400aaabb62cb7462a6f1428,belo horizonte,MG,12,12,1143.24,95.27,2,16.67,4.42,medium
13511db12ac61e2f89c53b72a944a60b,caxias do sul,RS,6,6,1063.97,177.33,1,16.67,3.5,medium
eba88037e1dca898cd02881f67ced679,sao paulo,SP,6,6,931.57,155.26,1,16.67,4.33,medium
14ee35374a7876217954b5fa08e50463,sao jose do rio preto,SP,6,6,923.05,153.84,1,16.67,4.33,medium
28ea411b354f14b1a494be4e79f0ce02,sao paulo,SP,6,6,896.93,149.49,1,16.67,4.67,medium
c7fdb77fdbff3c41981bc52f787e959e,santo andre,SP,10,12,871.88,72.66,2,16.67,3.33,medium
af7cdac9d9897cddead9c6b08976c642,laranjal paulista,SP,6,6,694.01,115.67,1,16.67,3.67,medium
bd15ee794d5e640d9dd71b665b2ab15b,ribeirao preto,SP,12,12,594.13,49.51,2,16.67,4.0,medium
b98b715fe9e276204e2a3464f48cd796,sao paulo,SP,6,6,517.62,86.27,1,16.67,3.33,medium
a64e44665225d19dfc0277eeeaaccc57,sao paulo,SP,6,6,426.76,71.13,1,16.67,5.0,medium
3afc536624bc2e65bddfb5db33cc01f3,belo horizonte,MG,6,6,419.07,69.85,1,16.67,3.5,medium
3a3e46d10f74d8a6ca76e2b538f106a0,sao paulo,SP,3,6,409.98,68.33,1,16.67,4.17,medium
9d489893ff6af05029671b785f54b998,leme,SP,5,6,401.24,66.87,1,16.67,4.17,medium
baa49d93c8c8841e27400a300f5d74b2,sao jose,SC,6,6,334.42,55.74,1,16.67,4.5,medium
72146da5774cabf2632faedcae097a76,marechal candido rondon,PR,4,6,311.43,51.91,1,16.67,4.33,medium
f419677537694f0462a91990df6ca44f,sao bernardo do campo,SP,6,6,299.28,49.88,1,16.67,4.0,medium
0e44d110fa6a54e121cb2c095a77762f,francisco morato,SP,6,6,293.38,48.9,1,16.67,4.33,medium
3dfd3dc96f7f8598eca74e9ac8a2fa31,sao paulo,SP,6,6,258.7,43.12,1,16.67,4.0,medium
50770d25768b0486d89be26afca3108f,santo andre,SP,6,6,247.86,41.31,1,16.67,4.0,medium
f7ba60f8c3f99e7ee4042fdef03b70c4,sao bernardo do campo,SP,219,232,73156.0,315.33,38,16.38,4.21,medium
3c03b12bab54d8b37d79d914bfdb1aa0,sao joao de meriti,RJ,37,43,4919.77,114.41,7,16.28,3.88,medium
6973a06f484aacf400ece213dbf3d946,sao jose dos campos,SP,95,117,12579.72,107.52,19,16.24,3.53,medium
dd55f1bb788714a40e7954c3be6df745,sao paulo,SP,35,37,7701.18,208.14,6,16.22,3.81,medium
56642bcb79900e777d68e91915cb4267,sao paulo,SP,48,56,4471.79,79.85,9,16.07,3.77,medium
002100f778ceb8431b7a1020ff7ab48f,franca,SP,51,56,2060.85,36.8,9,16.07,3.98,medium
abe42c5d03695b4257b5c6cbf4e6784e,rio de janeiro,RJ,50,50,18158.23,363.16,8,16.0,3.92,medium
834f8533b2ecb6598dd004ff3de7203a,sao paulo,SP,43,50,5734.91,114.7,8,16.0,3.76,medium
e99e927c81e3f51739c94fcdfca9f10f,uberlandia,MG,22,25,3360.47,134.42,4,16.0,3.56,medium
67883baaae6134ee81b271a542613728,sao paulo,SP,19,19,8496.02,447.16,3,15.79,4.11,medium
7bac63f6603d382cc8d0832eb6c100a8,sao paulo,SP,19,19,8114.6,427.08,3,15.79,4.0,medium
b17b679f4f5ce2e03ce6968c62648246,ribeirao preto,SP,55,57,5160.82,90.54,9,15.79,3.61,medium
863d2ebcd347ce4922de7a0f9a5581d6,rio de janeiro,RJ,18,19,1691.17,89.01,3,15.79,3.95,medium
179d859f51292aac5c10806a356f7af9,ribeirao pires,SP,18,19,800.27,42.12,3,15.79,4.32,medium
8931a84a914b3fe9b1ddaa4d704947ca,sao paulo,SP,29,32,5092.89,159.15,5,15.63,3.77,medium
e62b2d6ac10570a035a30bafcf01d263,sao paulo,SP,62,71,6375.47,89.8,11,15.49,3.83,medium
b3b17aab11f273023a5f22ca52e1eb70,londrina,PR,7,13,7325.35,563.49,2,15.38,4.85,medium
15aac934c58d886785ac1b17953ea898,muqui,ES,25,26,5019.6,193.06,4,15.38,4.12,medium
a6fe7de3d16f6149ffe280349a8535a0,franca,SP,51,52,3647.42,70.14,8,15.38,4.0,medium
b74d1c09cb380e1d03a6f859c6f4224b,rio de janeiro,RJ,31,39,3053.2,78.29,6,15.38,4.21,medium
bc07d855eac23aab5ac8a120f21d16b2,mogi das cruzes,SP,12,13,1496.18,115.09,2,15.38,4.15,medium
439a47cc365d6e3bd526812ea9de3c29,mogi das cruzes,SP,8,13,1410.93,108.53,2,15.38,4.0,medium
562f8cfc51f265411f487d07e9c40e7f,belo horizonte,MG,13,13,966.25,74.33,2,15.38,4.54,medium
13f57c12a00ed4610db646b913a7f5c6,santos,SP,7,13,821.15,63.17,2,15.38,4.77,medium
7c4618c82226628831613e95e9c22f44,sao roque,SP,13,13,499.47,38.42,2,15.38,4.08,medium
06579cb253ecd5a3a12a9e6eb6bf8f47,sao paulo - sp,SP,62,72,6226.61,86.48,11,15.28,3.76,medium
adbc26658d6c7b4b6219f9d934598091,curitiba,PR,88,92,13692.25,148.83,14,15.22,4.05,medium
23c38debaffe4a25a30fdbd9b586a13f,votorantim,SP,41,46,6216.56,135.14,7,15.22,4.3,medium
891071be6ba827b591264c90c2ae8a63,sao paulo,SP,92,99,5496.19,55.52,15,15.15,3.72,medium
cac876b37d3abcd6bd76caca30277996,cascavel,PR,27,33,2958.79,89.66,5,15.15,4.56,medium
ba143b05f0110f0dc71ad71b4466ce92,sao paulo,SP,85,86,7453.59,86.67,13,15.12,4.42,medium
8b9d6eec4a7eb7d0f9d579ce0b38324d,mesquita,RJ,49,53,5916.98,111.64,8,15.09,4.06,medium
431af27f296bc6519d890aa5a05fdb11,ribeirao preto,SP,117,126,15303.44,121.46,19,15.08,3.78,medium
903037660cf848a717166eb7a06d616e,sao paulo,SP,45,60,9083.28,151.39,9,15.0,3.77,medium
cee48807215b30a12ca2ca10ffb5f250,guaruja,SP,39,40,8125.52,203.14,6,15.0,3.7,medium
099095b050cfe8eb1ddff5317587e96e,sao paulo,SP,17,20,5909.15,295.46,3,15.0,2.95,medium
3f3486b61f45078d4f31ee5e43d8c5bb,sao paulo,SP,40,40,4726.57,118.16,6,15.0,4.33,medium
89bc797e2e29667aa035d4368f9b7f92,sao paulo,SP,17,20,659.45,32.97,3,15.0,3.75,medium
850913d59ce317156b00f3705f1c3edb,atibaia,SP,32,34,3270.96,96.2,5,14.71,3.35,medium
79a679c36c08d606b3fd47ead9de109b,sao paulo,SP,3,7,1072.22,153.17,1,14.29,2.71,medium
9cad4b68bb993ee401a3c5aaa2bc26dd,birigui,SP,5,7,763.33,109.05,1,14.29,3.43,medium
f44bdc12aa39f5271f0b95f66cd4c289,braganca paulista,SP,5,7,432.07,61.72,1,14.29,2.86,medium
b2479f944e1b90cf8a5de1bbfde284d6,ibitinga,SP,103,134,7218.81,53.87,19,14.18,3.29,medium
d3f39f05462b79a4562d35893a28f159,mococa,SP,34,38,2968.77,78.13,5,13.16,3.37,medium
adcf50477d6a1f5d91bb9d54c4903cb5,claudio,MG,19,38,2223.8,58.52,5,13.16,3.13,medium
2eb70248d66e0e3ef83659f71b244378,campinas,SP,202,213,45992.74,215.93,28,13.15,2.71,medium
082e0bf4cb865a6533b1e8e498cc0255,botucatu,SP,11,23,3064.33,133.23,3,13.04,3.3,medium
52f0fe436a347ddad7ed5f9aa4e27eaa,sao paulo,SP,21,23,1960.9,85.26,3,13.04,3.3,medium
f08c008c8a8d31417763738a1788a2a8,santa terezinha de itaipu,PR,22,23,1714.69,74.55,3,13.04,3.09,medium
5058e8c1e82653974541e83690655b4a,itaquaquecetuba,SP,63,78,13077.93,167.67,10,12.82,3.08,medium
070d165398b553f3b4b851c216b8a358,sao paulo,SP,32,39,4396.75,112.74,5,12.82,3.5,medium
8e6d7754bc7e0f22c96d255ebda59eba,sao jose dos campos,SP,85,133,16489.92,123.98,17,12.78,3.02,medium
a6bd7d1ccdac48c6b33b28596b7eb122,mamanguape,PB,16,16,15046.63,940.41,2,12.5,3.33,medium
87e24fc7052259b1f7f607d61c10d8be,sao paulo,SP,8,8,7709.86,963.73,1,12.5,3.5,medium
c4fb51fb1c5b7c07bc5e67be6e7e8f6e,curitiba,PR,15,16,2126.61,132.91,2,12.5,3.5,medium
6861de0f40cacb0602e473c51639f980,curitiba,PR,5,8,949.73,118.72,1,12.5,2.63,medium
9c7fd21e0aa159b20da593371f08ff7c,osasco,SP,7,8,921.8,115.23,1,12.5,3.38,medium
e48cc16ab70bfa09e1401740dce0b3d7,aracatuba,SP,14,17,1411.13,83.01,2,11.76,3.24,medium
0b35c634521043bf4b47e21547b99ab5,teixeira soares,PR,51,78,15008.74,192.42,9,11.54,3.49,medium
897060da8b9a21f655304d50fd935913,ribeirao preto,SP,317,434,30553.4,70.4,50,11.52,3.4,medium
972d0f9cf61b499a4812cf0bfa3ad3c4,brusque,SC,83,88,10240.59,116.37,10,11.36,2.96,medium
4c8b8048e33af2bf94f2eb547746a916,ibitinga,SP,23,27,2458.81,91.07,3,11.11,3.11,medium
7586919161935337bf6b6d7ff5779648,rio de janeiro,RJ,11,18,1994.93,110.83,2,11.11,3.17,medium
d5c530f4884a75ae0dba9c148718d278,centro,MG,6,9,444.93,49.44,1,11.11,2.67,medium
f46490624488d3ff7ce78613913a7711,guarulhos,SP,83,91,7550.67,82.97,10,10.99,3.46,medium
6fd52c528dcb38be2eea044946b811f8,sao paulo,SP,67,84,8881.58,105.73,9,10.71,3.5,medium
cb5df0dcb9e280b1780e9d589889f2c7,bady bassitt,SP,16,19,3689.21,194.17,2,10.53,2.56,medium
8444e55c1f13cd5c179851e5ca5ebd00,congonhal,MG,99,109,24951.27,228.91,11,10.09,3.07,medium
04fdea0c111866e6cf812f1570d6b5bd,sao paulo,SP,10,10,1261.95,126.2,1,10.0,3.2,medium
9d39404483343dd55c7ae254494d8388,sao paulo,SP,10,10,434.28,43.43,1,10.0,3.5,medium
7c67e1448b00f6e969d365cea6b010ab,itaquaquecetuba,SP,982,1375,241374.82,175.55,131,9.53,3.35,medium
d71d863e5ef30d94e440c11be17dcd8f,osasco,SP,29,36,12655.65,351.55,3,8.33,3.24,medium
2f09f7d37a97956d11cc1a7cadd5262b,ribeirao preto,SP,11,12,2468.41,205.7,1,8.33,3.08,medium
bc47d5d1490df2b36add65d733eafaba,santo andre,SP,24,25,1419.91,56.8,2,8.0,3.28,medium
49067458c68f7701fd334ce326accbe0,juiz de fora,MG,17,38,1663.43,43.77,3,7.89,3.37,medium
87b740daf17b5d1be335a64164ec6842,suzano,SP,13,13,16182.38,1244.8,1,7.69,3.31,medium
af4a0e4cfe1d9c26b6712b1be25a72e5,mateus leme,MG,21,26,9351.6,359.68,2,7.69,3.5,medium
f5f1f2c5f923f36ad79ea1d07185ddc9,taruma,SP,12,13,2115.83,162.76,1,7.69,3.08,medium
058cb5aeb36d7c0fcae20fc85d5e0a59,rio de janeiro,RJ,12,13,2107.42,162.11,1,7.69,3.38,medium
fcdd820084f17e9982427971e4e9d47f,ribeirao preto,SP,16,27,5665.74,209.84,2,7.41,3.26,medium
a4b6b9b992b46e9ef863637af96e04bc,florianopolis,SC,7,14,7452.36,532.31,1,7.14,2.57,medium
7b7f91e98f8c6def45a1407923304402,osasco,SP,11,14,620.49,44.32,1,7.14,3.5,medium
81783131d2a97c8d44d406a4be81b5d9,sorocaba,SP,13,15,1977.58,131.84,1,6.67,3.43,medium
c6a7539d424a8402232c2228d7a03c5e,sao paulo,SP,10,15,1001.32,66.75,1,6.67,2.6,medium
87d3c3aeb3ead335511b3ce315eb341e,sao paulo,SP,15,15,963.06,64.2,1,6.67,3.5,medium
a8739afb32aaa45e01815ca76f76f54b,sao bernardo do campo,SP,13,15,563.56,37.57,1,6.67,3.47,medium
0747d5bb69f0586cc869d8af4c50f93e,saquarema,RJ,14,15,555.49,37.03,1,6.67,3.47,medium
e8f6dc8e6a1dcde89d20e3995c8d90b3,sao paulo,SP,36,48,4308.02,89.75,3,6.25,3.35,medium
82e0a475a88cc9595229d8029273f045,sao paulo,SP,42,85,13100.84,154.13,5,5.88,3.32,medium
ed8cb7b190ceb6067227478e48cf8dde,santos,SP,15,17,816.21,48.01,1,5.88,3.18,medium
63ffcb71394dd8ea3872ed9ffda17c74,itaborai,RJ,17,17,663.72,39.04,1,5.88,3.18,medium
a7f13822ceb966b076af67121f87b063,itaquaquecetuba,SP,75,86,15595.12,181.34,5,5.81,3.44,medium
dc8798cbf453b7e0f98745e396cc5616,sao paulo,SP,41,52,2712.45,52.16,3,5.77,3.13,medium
2e3be8a987a30d7544dbbda6861cc14e,belo horizonte,MG,18,19,4777.55,251.45,1,5.26,3.05,medium
1b8b75e227c9a9c100d0c210fb6176ce,sao paulo,SP,19,19,2195.61,115.56,1,5.26,3.37,medium
8f78f0903005064036736c7173a5c2ed,tiradentes,MG,13,21,2745.95,130.76,1,4.76,3.48,medium
66fd84ee7528c0c0de85d0f44a73d5ab,campina das missoes,RS,11,21,1891.3,90.06,1,4.76,2.9,medium
18a349e75d307f4b4cc646a691ed4216,sao paulo,SP,121,148,10909.56,73.71,7,4.73,3.39,medium
95f83f51203c626648c875dd41874c7f,borda da mata,MG,52,68,4922.52,72.39,3,4.41,3.18,medium
710e3548e02bc1d2831dfc4f1b5b14d4,rolandia,PR,136,142,27855.07,196.16,6,4.23,3.4,medium
e7d5b006eb624f13074497221eb37807,santo andre,SP,28,63,4220.42,66.99,2,3.17,3.11,medium
66dc1b1632bd6a3e508510c5b3492107,jau,SP,37,42,4449.26,105.93,1,2.38,3.43,medium
c4f7fee5b0db50e87766f5a4d1b1b758,sorocaba,SP,8,9,12533.6,1392.62,0,0.0,2.67,medium
c26a2be5b53b7db6b276280da212a779,nova friburgo,RJ,13,18,8288.85,460.49,0,0.0,2.72,medium
54219883e72aad869adfb2a54b7bfa0f,sorocaba,SP,5,5,7579.55,1515.91,0,0.0,3.2,medium
e3b4998c7a498169dc7bce44e6bb6277,sao paulo,SP,3,3,7114.69,2371.56,0,0.0,2.67,medium
abe021b01ba992245271b9aa422032df,curitiba,PR,2,2,6837.24,3418.62,0,0.0,3.5,medium
52ac6f920b7280e4c6d30dd94de6259b,pinhais,PR,6,7,6383.89,911.98,0,0.0,3.29,medium
c9a06ece156bb057372c68718ec8909b,brasilia,DF,14,14,5229.62,373.54,0,0.0,3.0,medium
eed78ac17f7f795a19a709745f00cd4e,botucatu,SP,22,56,5195.84,92.78,0,0.0,3.41,medium
0307f7565ff85b299b6e5ef162b1b1a9,sao jose do rio preto,SP,7,7,5003.57,714.8,0,0.0,3.14,medium
968268a686aa05d1f529fb07dff08130,sao paulo,SP,12,12,4880.84,406.74,0,0.0,3.5,medium
9803a40e82e45418ab7fb84091af5231,rio verde,GO,11,18,4791.38,266.19,0,0.0,3.11,medium
62c50c1af4dfdc4149d25c5222043d39,sao paulo,SP,14,19,3096.03,162.95,0,0.0,3.26,medium
b1204cfda1d4948679db3cfc0d3cb95c,guarulhos,SP,7,11,3078.15,279.83,0,0.0,3.27,medium
491a5ada3aa1678414e990262c4bbdc1,sao paulo,SP,2,2,2873.81,1436.91,0,0.0,3.0,medium
8a87611c08849ffeeccab52aa798b6c7,curitiba,PR,13,14,2855.12,203.94,0,0.0,2.64,medium
c6381d2d013342748761e906d45aff76,portao,RS,15,28,2614.26,93.37,0,0.0,3.0,medium
07bf9669d84d1f11be443a9dd938f698,sao paulo,SP,18,24,2422.22,100.93,0,0.0,3.25,medium
3a4127e1ba7208ea37044c5092aae170,sao paulo,SP,6,6,2310.95,385.16,0,0.0,3.5,medium
ea65d8b58316a6f2362f2a9e4b3e86ad,campinas,SP,9,16,2292.22,143.26,0,0.0,3.19,medium
f9903dd0f812c7e771fcad47b6fff231,blumenau,SC,10,15,2101.48,140.1,0,0.0,2.93,medium
74bafed391319577bce6f4d2acc0589a,sao paulo,SP,3,3,2084.73,694.91,0,0.0,2.67,medium
edc518ba25576a0188a0e8f2c3af186f,guarulhos,SP,6,8,1909.55,238.69,0,0.0,3.5,medium
8b87cd0d43d49b9bdf40f56229364d59,sao paulo,SP,5,5,1853.9,370.78,0,0.0,2.6,medium
a23266650e7c84bb93fbbba502137478,porto alegre,RS,11,16,1791.44,111.97,0,0.0,3.25,medium
134285d1f41da5c13a756ee8142c8a4e,sao paulo,SP,3,4,1653.63,413.41,0,0.0,2.75,medium
3f8034bfc6b8b4135534975d49f04c63,curitiba,PR,12,16,1594.51,99.66,0,0.0,3.06,medium
1284de4ae8aa26997e748c851557cf0e,laranjeiras do sul,SP,3,3,1546.84,515.61,0,0.0,2.67,medium
89c127985a8b130cfa45c1d36764017a,osasco,SP,7,7,1540.2,220.03,0,0.0,3.0,medium
a36ac007a4d18f865c8d32c3b2402c2d,barueri,SP,9,9,1536.97,170.77,0,0.0,2.56,medium
bb135baca94c82fcb731335ad5b04a03,sao paulo,SP,18,38,1522.68,40.07,0,0.0,2.66,medium
4dbd95a08b31ede5c82d3f861cb1ce1a,curitiba,PR,6,6,1494.03,249.01,0,0.0,3.5,medium
c3ee2331a724e6fc02c4b698b57a73f3,sao paulo,SP,2,3,1487.88,495.96,0,0.0,3.0,medium
0e982cff76cc0579f632cea8a0e38c9d,itajai,SC,7,12,1480.31,123.36,0,0.0,3.25,medium
f1b854361f4e15d5851b494df66f22b2,rio de janeiro,RJ,3,4,1475.24,368.81,0,0.0,2.75,medium
2f73e04d12cdf0c945ded66bb3fcf6c7,cachoeiro de itapemirim,ES,3,3,1460.85,486.95,0,0.0,3.33,medium
556a6409838156ea299c9d1f9e2dde43,curitiba,PR,4,4,1449.64,362.41,0,0.0,3.25,medium
091065b789659bc3cd9af9cb3a6253ff,canoas,RS,2,2,1444.37,722.19,0,0.0,3.5,medium
4cf490a58259286ada5ba8525ba9e84a,tabatinga,SP,8,8,1409.39,176.17,0,0.0,3.13,medium
725af026f869236a8dd0ceb98564d156,claudio,MG,7,8,1362.67,170.33,0,0.0,3.13,medium
fb3cfbc8a86f5d7fbb4d36b8df63f60d,rio de janeiro,RJ,10,15,1225.06,81.67,0,0.0,3.13,medium
e250d617a0ad591ba9bd663e584a895d,guarulhos,SP,8,20,1204.91,60.25,0,0.0,2.8,medium
557f22c76691849db52d2abccf0015d0,morrinhos,GO,13,14,1192.56,85.18,0,0.0,3.15,medium
bfd938b22bc99bce1ae60dc602889f52,rio de janeiro,RJ,6,12,1118.26,93.19,0,0.0,3.08,medium
6e4f5ff6b086632ba8dcb558fb10249e,flores da cunha,RS,5,5,1053.25,210.65,0,0.0,3.4,medium
d8cf3b6a2151949f930d0252b180ec42,mandaguacu,PR,6,19,1030.18,54.22,0,0.0,3.0,medium
0791d9fc1e30678ecf03d3e55fa108d3,belo horizonte,MG,5,11,1028.99,93.54,0,0.0,2.73,medium
eddd1991bd6d9309995a480c39b95137,ponta grossa,PR,3,3,998.41,332.8,0,0.0,2.67,medium
340636a908b13bbe0f4fb63fbe1d0c03,sao jose dos campos,SP,5,6,993.15,165.53,0,0.0,3.0,medium
0aa2205ca24f113f4658a5c536667426,sao paulo,SP,4,11,988.1,89.83,0,0.0,2.82,medium
8d46553a36e68f95350a200c12f8f2e2,campinas,SP,13,16,969.6,60.6,0,0.0,3.13,medium
2dd1fb6f0e42a2243b8a01e40cd41216,curitiba,PR,4,5,942.73,188.55,0,0.0,2.6,medium
d29ba1220fb8634fa3a107e54497b8a4,sao carlos,SP,9,9,907.86,100.87,0,0.0,3.22,medium
25be943a321c8938947bdaabca979a90,sao bernardo do campo,SP,5,5,907.55,181.51,0,0.0,3.0,medium
f19516b9ff26bfeb091b30108db4ddbd,artur nogueira,SP,5,5,869.44,173.89,0,0.0,2.6,medium
bdae679a9b282249bc23b9b69dae9a99,brasilia,DF,6,12,851.98,71.0,0,0.0,3.5,medium
4a1917ef994878940e1fb03eeb787ad7,brasilia,DF,2,3,846.62,282.21,0,0.0,2.67,medium
43402bdf22aa2310e8f99e2f94f78628,ribeirao pires,SP,4,5,837.1,167.42,0,0.0,2.8,medium
ac51cac5e20d69ff485a54746488ef48,ribeirao preto,SP,4,4,833.77,208.44,0,0.0,3.5,medium
de09d00cfc265b8804c7df34075a68fa,sao paulo,SP,3,3,827.97,275.99,0,0.0,3.33,medium
9535a841eecebed61a9fb1ac1cbb5597,sao paulo,SP,2,2,818.33,409.17,0,0.0,3.0,medium
56db5c0782e8f7ddc9343f9576ff6d16,palhoca,SC,2,2,791.95,395.98,0,0.0,3.0,medium
b7ed9fb14c8eadb37adb9c45d67ab0fb,jacarei,SP,7,11,787.75,71.61,0,0.0,2.91,medium
48fb026ed7455a42f5d3e9390ed5088e,barra mansa,RJ,11,11,779.14,70.83,0,0.0,2.64,medium
89dda63a3c907c468ec88c310ed91213,maua/sao paulo,SP,2,2,777.13,388.57,0,0.0,3.0,medium
da4d149c0ddbac90557103ac0a0ec356,sbc,SP,1,1,775.98,775.98,0,0.0,3.0,medium
11938fcc75f6902fea1d0a6f72b54a57,sao miguel d'oeste,SC,2,2,737.14,368.57,0,0.0,3.0,medium
be3b4b0f050a6aa1b2d901c4b77e979f,imbituva,PR,3,8,733.72,91.72,0,0.0,2.75,medium
6650fcccd8cd2f7e55ffa524f30c4c59,sao paulo,SP,3,3,695.7,231.9,0,0.0,2.67,medium
c53bcd3be457a342a97e39e5a9f0be22,neopolis,SE,5,5,695.59,139.12,0,0.0,3.2,medium
c458e2045a8aa8964f8879af03fdcce6,sao caetano do sul,SP,4,9,691.7,76.86,0,0.0,3.11,medium
6179a28a13a726c29b3bf54c070dccab,varginha,MG,2,2,686.24,343.12,0,0.0,3.0,medium
7402d13c03a7e91366337cd1de471144,cambe,PR,4,4,659.57,164.89,0,0.0,3.5,medium
1588ac4010787100dddef64568f0ae35,maringa,PR,3,3,645.97,215.32,0,0.0,3.0,medium
f650a9708fa1bab22bdd8d3a818cc415,ararangua,SC,5,5,594.58,118.92,0,0.0,3.4,medium
a53f60f05f822b5c621a50ff6a5cb362,uberlandia,MG,4,6,544.53,90.76,0,0.0,2.6,medium
f88adb15807168d3c43d71021090ce4a,porto ferreira,SP,3,3,541.06,180.35,0,0.0,3.33,medium
6c1b6d0c604b776f844125f911eb7377,sao paulo,SP,5,5,524.5,104.9,0,0.0,3.4,medium
968ee78631915a63fef426d6733d7422,erechim,RS,2,2,521.67,260.84,0,0.0,3.0,medium
c0e6839516f5398edc34adf5f1d53d1a,guaruja,SP,3,3,520.84,173.61,0,0.0,2.67,medium
35ef5aa32949680f627efec3c23e705c,sombrio,SC,4,5,518.41,103.68,0,0.0,3.2,medium
89de2d6f23e9746ff309705b23581faa,londrina,PR,8,8,500.08,62.51,0,0.0,2.71,medium
92d14edfb62ee5ae7fdff70b0f4e7233,sao bernardo do campo,SP,8,13,487.65,37.51,0,0.0,2.77,medium
a21c11ec5c3f03e7cc9f9203bff9e1c6,santana de parnaiba,SP,3,4,475.88,118.97,0,0.0,3.0,medium
d73cbd89533ce8b041a9190241453ac8,guiricema,MG,4,4,433.62,108.41,0,0.0,3.5,medium
d9d43faf741ceaa8da52fdbb81d9e0e3,juiz de fora,SP,6,8,421.25,52.66,0,0.0,3.5,medium
ad75519a07f039025e83795a4418470f,santa terezinha de goias,GO,3,9,417.92,46.44,0,0.0,3.22,medium
ceb7b4fb9401cd378de7886317ad1b47,04482255,RJ,1,1,416.45,416.45,0,0.0,3.0,medium
aded58c8142dedc5494a81f948431fab,rio de janeiro,RJ,4,5,379.48,75.9,0,0.0,3.2,medium
ea1776927851da2532aa70d6a32c095a,sao paulo,SP,3,3,372.32,124.11,0,0.0,2.67,medium
c76d418370990614e89e956c7a7567d9,taboao da serra,SP,2,2,369.77,184.89,0,0.0,3.5,medium
2b3b9ce054da76a7428df143a567b156,sao paulo,SP,5,6,363.28,60.55,0,0.0,3.17,medium
7fe21dd00d2f4943ae09525efa2fd674,rio de janeiro,RJ,4,4,356.96,89.24,0,0.0,3.0,medium
4e0d109ccfba9a1151c103049880c857,sao joao de meriti,RJ,2,2,347.73,173.87,0,0.0,3.0,medium
71593c7413973a1e160057b80d4958f6,sao paulo / sao paulo,SP,2,5,345.35,69.07,0,0.0,3.4,medium
3606774ec64634822d78dc2db6d37045,sao caetano do sul,SP,2,2,345.2,172.6,0,0.0,3.0,medium
90b36c5aeb728d5504a39f435bef0c5f,conchal,SP,5,7,340.23,48.6,0,0.0,3.29,medium
08ad4ac1388e4420ca531c3edfc46198,itapevi,SP,6,7,310.67,44.38,0,0.0,2.71,medium
85044848b1b767db2a4a58526adef4b4,osasco,SP,4,4,305.51,76.38,0,0.0,3.25,medium
ec21206b7894c503788a684a7bc822a6,armacao dos buzios,RJ,3,3,296.41,98.8,0,0.0,2.67,medium
3fadb4cba4c35bce6a7eaf9872d5623a,caxias do sul,RS,3,5,277.52,55.5,0,0.0,3.2,medium
ad8b531ae67582f096925cff5630d0d1,castro,PR,3,3,275.91,91.97,0,0.0,3.0,medium
07a9bc7f61396b658ddf3ac534efe44c,sao paulo,SP,1,2,270.98,135.49,0,0.0,3.5,medium
578460d8319c51dab351cd9db95eadfe,goiania,GO,1,1,270.45,270.45,0,0.0,3.0,medium
cb32766839f443db85c82a43c4a6c19e,rio claro,SP,2,2,265.51,132.76,0,0.0,3.0,medium
4ce8b55b4bfa4659184e7becc1fba3f2,fazenda rio grande,PR,2,2,258.87,129.44,0,0.0,3.0,medium
4ce6e5f6c52515177e18c1c9361d8677,sao bernardo do campo,SP,1,1,252.27,252.27,0,0.0,3.0,medium
a218df5c097b0ca409cfaac1488cc7f6,araraquara,SP,4,4,240.7,60.18,0,0.0,2.75,medium
89d9a386b0b6e5fc8403071b03f7206a,sao paulo,SP,2,5,235.25,47.05,0,0.0,3.4,medium
dd8a29ce82d5c705ba932d81494600a5,sao paulo,SP,2,2,233.25,116.63,0,0.0,3.5,medium
3fe7120d6257285ac6a3ce7cb071ccec,governador valadares,MG,2,2,228.26,114.13,0,0.0,3.5,medium
2ea0861cc19e94cad86438c984c52da4,sao paulo,SP,6,6,228.05,38.01,0,0.0,3.33,medium
9e7c5f4d7770eab65738cca38f9efccf,sao paulo,SP,2,2,222.88,111.44,0,0.0,3.5,medium
fedf2c1386e137f296b3bbf3b635e69d,sao paulo,SP,2,5,210.9,42.18,0,0.0,3.2,medium
22c32ec35d0116ef02c281798a25bf8b,maringa,PR,4,6,210.01,35.0,0,0.0,3.5,medium
d2df77822373f19934e87694d8640767,arapongas,PR,2,2,196.4,98.2,0,0.0,3.0,medium
6a53b90c3ad9e0b56d9fe5c69165fff5,curitiba,PR,2,4,194.78,48.7,0,0.0,3.5,medium
2a7c6c0b0d5efde2bf75ec1e1cec2d41,maringa,PR,3,3,192.04,64.01,0,0.0,3.33,medium
6902157ee16728322d61a1321fa79e58,sao paulo,SP,2,2,191.43,95.72,0,0.0,3.0,medium
ff82e8873fba613f2261a9acc896fd84,itabira,MG,4,4,183.53,45.88,0,0.0,3.5,medium
8cb7c5ddf41f4d506eba76e9a4702a25,anapolis,GO,2,2,182.37,91.19,0,0.0,3.0,medium
aa2640d851ec322526f1295bbeb20092,sao paulo,SP,1,2,182.34,91.17,0,0.0,3.0,medium
e3e290b38963293022cdcd6db8328103,sao paulo,SP,3,3,182.04,60.68,0,0.0,3.33,medium
37303482a42fb700d8d127e70a9cd6c8,campinas,SP,2,2,171.38,85.69,0,0.0,3.0,medium
f049a72cf58fd31b11f8919cade515e7,sao paulo,SP,3,4,170.99,42.75,0,0.0,3.5,medium
f664f98bfda2eaf266a23ff144e7a872,sao paulo,SP,2,2,161.8,80.9,0,0.0,3.0,medium
a89e143d5211473ae18db9577ee34b64,limeira,SP,2,2,159.68,79.84,0,0.0,3.0,medium
3f8247d0f772ffa58560e5c682521ad5,joinville,SC,1,1,158.45,158.45,0,0.0,3.0,medium
9558aa23f77a9e0a0eca83540999f43b,apucarana,PR,2,2,155.58,77.79,0,0.0,3.0,medium
0f80a40c312b2472dca482cf50f5186f,lencois paulista,SP,1,1,150.0,150.0,0,0.0,3.0,medium
630008e0f062605a415d694489f6f82e,sao paulo,SP,2,3,135.5,45.17,0,0.0,3.0,medium
43b2c864251aa0ce4030c746984e088a,brasilia,DF,2,2,129.32,64.66,0,0.0,3.0,medium
a4fc6eadaff1576af888509a53420f6a,sao caetano do sul,SP,1,1,121.62,121.62,0,0.0,3.0,medium
4cc43a222a0f94910728b62b97a8c5f8,ribeirao preto,SP,1,1,120.76,120.76,0,0.0,3.0,medium
74a9b9bddf14ece02beb81f52c41a88d,sao paulo,SP,2,2,117.06,58.53,0,0.0,3.5,medium
7f02656561b680def9986c0795a8a080,sao paulo,SP,2,2,111.83,55.92,0,0.0,3.0,medium
a5ff20ff766e7f50bd5066f33da14413,sao paulo,SP,2,4,110.17,27.54,0,0.0,3.0,medium
22a23e5ac7061fc538cc2a019afaaf16,belo horizonte,MG,1,1,109.42,109.42,0,0.0,3.0,medium
eb4a59a06b3948e851a7d7a830bcbc42,salvador,BA,2,2,108.0,54.0,0,0.0,3.0,medium
b86a47b3366e3b5424a7b225781f4908,passos,MG,1,1,106.35,106.35,0,0.0,3.0,medium
6187a137b2af59dfdbad8d9f8c373c14,osasco,SP,2,2,105.02,52.51,0,0.0,3.0,medium
5a32c398a06c345440bf2a683b017ad3,rio de janeiro,RJ,2,2,102.97,51.49,0,0.0,3.0,medium
a1bea9970d8f65b240555f99c2214f7f,pinhais,PR,1,1,102.48,102.48,0,0.0,3.0,medium
8f0fbe2cd4d472157dc1cdef6edecaa9,sao paulo,SP,2,2,94.76,47.38,0,0.0,3.0,medium
02a2272692e13558373c66db98f05e2e,rio de janeiro,RJ,2,2,93.85,46.93,0,0.0,3.0,medium
bbd3acfe6de99892e73940d3fdceaf68,santo andre,SP,2,2,93.55,46.78,0,0.0,3.0,medium
8b11118053756a9a2932f447e11fc1b5,igaracu do tiete,SP,1,1,91.16,91.16,0,0.0,3.0,medium
e9e446d01bd10a97a8ffcfc4a3a20cb2,sao paulo,SP,4,4,89.61,22.4,0,0.0,3.5,medium
d4d99b60c4c94cd35acd502cec65dc8d,sao paulo,SP,1,1,87.29,87.29,0,0.0,3.0,medium
edb65fe661681b1c0de8bd47c8655855,sao paulo,SP,1,1,84.24,84.24,0,0.0,3.0,medium
d58d521f3789def2e7a22715e0badd93,sao paulo,SP,2,2,84.2,42.1,0,0.0,3.5,medium
c13fb473e7cb8b83ccd543c094df0608,sao paulo,SP,2,2,83.52,41.76,0,0.0,3.5,medium
ac9b01377919cdbd2a1bbb8d5837c70b,mogi das cruzes,SP,1,1,79.44,79.44,0,0.0,3.0,medium
d9b00a97818674c7f8d8b1ef0e689679,ponta grossa,PR,1,1,79.08,79.08,0,0.0,3.0,medium
1a6245add4353f18ed55138808906979,sao bernardo do campo,SP,1,2,78.68,39.34,0,0.0,3.0,medium
52831e5990d0771cb4951d6f12928167,tupa,SP,1,1,78.12,78.12,0,0.0,3.0,medium
f7c31656c19db6275a8acadca289f426,ibitinga,SP,1,1,77.75,77.75,0,0.0,3.0,medium
80146bc52c4f6af5239b23de2a20262b,taboao da serra,SP,1,2,76.78,38.39,0,0.0,3.0,medium
c161d1327ebc3a156c09582ab2f59f6c,sao paulo,SP,3,3,76.33,25.44,0,0.0,3.0,medium
d180e07dc1e58c31c3f0cd599dc4d945,belo horizonte,MG,1,1,72.96,72.96,0,0.0,3.0,medium
1d139e3a3b14025640d8df1b230aace0,barrinha,SP,2,2,71.18,35.59,0,0.0,3.5,medium
b77a27b1864483e721dc831d5ba4afa0,duque de caxias,RJ,2,2,70.42,35.21,0,0.0,3.5,medium
cad9969167c09b48ae6f1d123f7fa68d,pocos de caldas,MG,2,2,70.18,35.09,0,0.0,3.0,medium
2c2c9832d1bb38c5b0034a3b47d313ee,santa maria,RS,1,1,68.35,68.35,0,0.0,3.0,medium
5415337f1863452476d42d9f14a16a61,belo horizonte,MG,1,1,68.35,68.35,0,0.0,3.0,medium
ed49da7cadefc454d6a67de249eab240,sao paulo,SP,2,2,65.83,32.92,0,0.0,3.0,medium
a1ed30492b3b798bc121845bc4aa7366,sao paulo,SP,1,2,65.5,32.75,0,0.0,3.0,medium
539ed9e19811677513447759be5eccfc,belo horizonte,MG,2,2,63.92,31.96,0,0.0,3.0,medium
ce33c6211beaa8fef4cae8b52db39862,suzano,SP,1,1,63.52,63.52,0,0.0,3.0,medium
7494d0dcba8551df6cf37f1b905dc2f7,santos,SP,1,1,62.97,62.97,0,0.0,3.0,medium
9315e491484b1b0081ca166fc164108d,londrina,PR,1,1,60.4,60.4,0,0.0,3.0,medium
6bcb2352a2a0c38b845f598298ab9d26,maringa,PR,2,2,59.38,29.69,0,0.0,3.0,medium
70ee69419916dc13e3aed619061f996c,mogi das cruzes,SP,1,1,53.72,53.72,0,0.0,3.0,medium
bee36b4f9a2b9fdcaff6ec05df202ed0,sao paulo,SP,2,2,53.48,26.74,0,0.0,3.0,medium
9200e6ce317b67196b6b0bad4d4bd567,rio de janeiro,RJ,1,1,51.42,51.42,0,0.0,3.0,medium
f9f68daa2af419d38f745478bcb3da1a,sumare,SP,2,2,51.36,25.68,0,0.0,3.0,medium
a09a13f18ed27932d08438aa6f12756e,sapiranga,RS,1,1,46.01,46.01,0,0.0,3.0,medium
7b3f6ce5c6c22e9b96e7581ebf0df6e1,tambau,SP,1,1,42.49,42.49,0,0.0,3.0,medium
455befea1bb853c75ccbca94cff26e5c,resende,RJ,1,1,42.05,42.05,0,0.0,3.0,medium
5b92bfa4120daa27c574daa2e386c693,sorocaba,SP,1,1,24.96,24.96,0,0.0,3.0,medium
